date,group,index,sub_items,coverage_permille,dod_pct,cum_pct
2026-09-16,food,100.0,29,114.16,,0.0
2026-09-17,food,99.94569503945895,29,114.16,-0.054304960541040614,-0.054304960541040614
2026-09-18,food,99.94569503945895,29,114.16,0.0,-0.054304960541040614
2026-09-19,food,99.94569503945895,29,114.16,0.0,-0.054304960541040614
2026-09-20,food,99.94569503945895,29,114.16,0.0,-0.054304960541040614
2026-09-21,food,99.94569503945895,29,114.16,0.0,-0.054304960541040614
2026-09-22,food,99.91855361904732,29,114.16,-0.027156167557718103,-0.08144638095268775
2026-09-23,food,99.70853182165939,29,114.16,-0.21019299197290175,-0.2914681783406037
2026-09-24,food,99.70853182165939,29,114.16,0.0,-0.2914681783406037
2026-09-25,food,99.70853182165939,29,114.16,0.0,-0.2914681783406037
2026-09-26,food,99.70853182165939,29,114.16,0.0,-0.2914681783406037
2026-09-27,food,99.70853182165939,29,114.16,0.0,-0.2914681783406037
2026-09-28,food,99.70853182165939,29,114.16,0.0,-0.2914681783406037
2026-09-29,food,99.70853182165939,29,114.16,0.0,-0.2914681783406037
2026-09-30,food,99.70853182165939,29,114.16,0.0,-0.2914681783406037
2026-10-01,food,99.7554038791277,29,114.16,0.04700907395982501,-0.24459612087229798
2026-10-02,food,99.7554038791277,29,114.16,0.0,-0.24459612087229798
2026-10-03,food,102.58571019296569,29,114.16,2.8372461077571742,2.5857101929656956
2026-10-04,food,103.91978697903122,29,114.16,1.3004508947260796,3.9197869790312145
2026-10-05,food,103.49767082257837,29,114.16,-0.4061942087487336,3.4976708225783693
2026-10-06,food,103.15978265050549,29,114.16,-0.32646934891135126,3.159782650505494
2026-10-07,food,102.81449641895219,29,114.16,-0.3347101192749613,2.814496418952195
2026-10-08,food,102.88566860423597,29,114.16,0.0692238816146773,2.8856686042359803
2026-09-16,fv,100.0,2,23.740000000000002,,0.0
2026-09-17,fv,99.7068491831123,2,23.740000000000002,-0.2931508168876995,-0.2931508168876995
2026-09-18,fv,102.25767050226384,2,23.740000000000002,2.558321058232349,2.257670502263842
2026-09-19,fv,102.25767050226384,2,23.740000000000002,0.0,2.257670502263842
2026-09-20,fv,104.32951109616135,2,23.740000000000002,2.0260979775122534,4.329511096161354
2026-09-21,fv,100.79472134591883,2,23.740000000000002,-3.3881015190270425,0.7947213459188252
2026-09-22,fv,100.79472134591883,2,23.740000000000002,0.0,0.7947213459188252
2026-09-23,fv,100.94444716152604,2,23.740000000000002,0.14854529444390252,0.9444471615260408
2026-09-24,fv,101.17732212572888,2,23.740000000000002,0.23069616085984457,1.1773221257288746
2026-09-25,fv,103.7339112525657,2,23.740000000000002,2.526840079499104,3.7339112525657026
2026-09-26,fv,103.7339112525657,2,23.740000000000002,0.0,3.7339112525657026
2026-09-27,fv,103.7339112525657,2,23.740000000000002,0.0,3.7339112525657026
2026-09-28,fv,101.0626512530336,2,23.740000000000002,-2.5751077610756123,1.0626512530335974
2026-09-29,fv,101.5179487627907,2,23.740000000000002,0.45051015791892635,1.5179487627906996
2026-09-30,fv,101.5179487627907,2,23.740000000000002,0.0,1.5179487627906996
2026-10-01,fv,100.86743686770578,2,23.740000000000002,-0.6407851055037717,0.8674368677057842
2026-10-02,fv,103.3640778183858,2,23.740000000000002,2.4751704100050897,3.364077818385791
2026-10-03,fv,104.0306909914114,2,23.740000000000002,0.644917641694498,4.030690991411401
2026-10-04,fv,104.7016032703917,2,23.740000000000002,0.644917641694498,4.701603270391708
2026-10-05,fv,103.22039388391259,2,23.740000000000002,-1.4146959933878822,3.220393883912598
2026-10-06,fv,98.94628274458287,2,23.740000000000002,-4.140762283988786,-1.0537172554171303
2026-10-07,fv,100.14313319903184,2,23.740000000000002,1.2095961780984599,0.14313319903183075
2026-10-08,fv,100.14313319903184,2,23.740000000000002,0.0,0.14313319903183075
