chain,group,cbs_code,cbs_name,product_name,barcode,brand,kind,match
carrefour,food,120070,לחם,אנג'ל לחם PRO מלא פר,7290020216953,",",packaged,shared/4
carrefour,food,120070,לחם,לחם אחיד פרוס 900 גרם,7290018500361,מאפיית שלמה א. אנג'ל,packaged,shared/4
carrefour,food,120070,לחם,לחמניות בשקית 6*75 גרם,7290002065555,מאפיית שלמה א. אנג'ל,packaged,shared/4
ramilevy,food,120070,לחם,אנג'ל לחם PRO מלא פר,7290020216953,",",packaged,shared/4
ramilevy,food,120070,לחם,לחם אחיד פרוס 900 גרם,7290018500361,מאפיית שלמה א. אנג'ל,packaged,shared/4
ramilevy,food,120070,לחם,לחמניות בשקית 6*75 גרם,7290002065555,מאפיית שלמה א. אנג'ל,packaged,shared/4
shufersal,food,120070,לחם,אנג'ל לחם PRO מלא פר,7290020216953,",",packaged,shared/4
shufersal,food,120070,לחם,לחם אחיד פרוס 900 גרם,7290018500361,מאפיית שלמה א. אנג'ל,packaged,shared/4
shufersal,food,120070,לחם,לחמניות בשקית 6*75 גרם,7290002065555,מאפיית שלמה א. אנג'ל,packaged,shared/4
tivtaam,food,120070,לחם,אנג'ל לחם PRO מלא פר,7290020216953,",",packaged,shared/4
tivtaam,food,120070,לחם,לחם אחיד פרוס 900 גרם,7290018500361,מאפיית שלמה א. אנג'ל,packaged,shared/4
tivtaam,food,120070,לחם,לחמניות בשקית 6*75 גרם,7290002065555,מאפיית שלמה א. אנג'ל,packaged,shared/4
carrefour,food,120080,"ביסקוויטים, עוגות וכדומה",אסם קרקר שומשום 250ג,7290000074252,"אסם השקעות בע""מ",packaged,shared/4
carrefour,food,120080,"ביסקוויטים, עוגות וכדומה",ביסלי חטיף בטעם בצל,7290115201727,"אסם השקעות בע""מ",packaged,shared/4
carrefour,food,120080,"ביסקוויטים, עוגות וכדומה",קרם קרקר אסם 250 גרם,7290000074245,"אסם השקעות בע""מ",packaged,shared/4
ramilevy,food,120080,"ביסקוויטים, עוגות וכדומה",אסם קרקר שומשום 250ג,7290000074252,"אסם השקעות בע""מ",packaged,shared/4
ramilevy,food,120080,"ביסקוויטים, עוגות וכדומה",ביסלי חטיף בטעם בצל,7290115201727,"אסם השקעות בע""מ",packaged,shared/4
ramilevy,food,120080,"ביסקוויטים, עוגות וכדומה",קרם קרקר אסם 250 גרם,7290000074245,"אסם השקעות בע""מ",packaged,shared/4
shufersal,food,120080,"ביסקוויטים, עוגות וכדומה",אסם קרקר שומשום 250ג,7290000074252,"אסם השקעות בע""מ",packaged,shared/4
shufersal,food,120080,"ביסקוויטים, עוגות וכדומה",ביסלי חטיף בטעם בצל,7290115201727,"אסם השקעות בע""מ",packaged,shared/4
shufersal,food,120080,"ביסקוויטים, עוגות וכדומה",קרם קרקר אסם 250 גרם,7290000074245,"אסם השקעות בע""מ",packaged,shared/4
tivtaam,food,120080,"ביסקוויטים, עוגות וכדומה",אסם קרקר שומשום 250ג,7290000074252,"אסם השקעות בע""מ",packaged,shared/4
tivtaam,food,120080,"ביסקוויטים, עוגות וכדומה",ביסלי חטיף בטעם בצל,7290115201727,"אסם השקעות בע""מ",packaged,shared/4
tivtaam,food,120080,"ביסקוויטים, עוגות וכדומה",קרם קרקר אסם 250 גרם,7290000074245,"אסם השקעות בע""מ",packaged,shared/4
carrefour,food,120090,קמח,קמח אורז ללא גלוטן 500 ג,7297488098183,תבליני העליון 2007 ב,packaged,shared/4
carrefour,food,120090,קמח,קמח שקדים דגש 250 גרם,7297488098305,"תורפז תעשיות בע""מ",packaged,shared/4
carrefour,food,120090,קמח,"קמח תופח סוגת 1 ק""ג",7290100702383,"שטיבל בע""מ - טחנות ק",packaged,shared/4
ramilevy,food,120090,קמח,קמח אורז ללא גלוטן 500 ג,7297488098183,תבליני העליון 2007 ב,packaged,shared/4
ramilevy,food,120090,קמח,קמח שקדים דגש 250 גרם,7297488098305,"תורפז תעשיות בע""מ",packaged,shared/4
ramilevy,food,120090,קמח,"קמח תופח סוגת 1 ק""ג",7290100702383,"שטיבל בע""מ - טחנות ק",packaged,shared/4
shufersal,food,120090,קמח,קמח אורז ללא גלוטן 500 ג,7297488098183,תבליני העליון 2007 ב,packaged,shared/4
shufersal,food,120090,קמח,קמח שקדים דגש 250 גרם,7297488098305,"תורפז תעשיות בע""מ",packaged,shared/4
shufersal,food,120090,קמח,"קמח תופח סוגת 1 ק""ג",7290100702383,"שטיבל בע""מ - טחנות ק",packaged,shared/4
tivtaam,food,120090,קמח,קמח אורז ללא גלוטן 500 ג,7297488098183,תבליני העליון 2007 ב,packaged,shared/4
tivtaam,food,120090,קמח,קמח שקדים דגש 250 גרם,7297488098305,"תורפז תעשיות בע""מ",packaged,shared/4
tivtaam,food,120090,קמח,"קמח תופח סוגת 1 ק""ג",7290100702383,"שטיבל בע""מ - טחנות ק",packaged,shared/4
carrefour,food,120100,מוצרי בצק,אטריות דקות אסם 400,7290000060163,מספקס-לובלה,packaged,shared/4
carrefour,food,120100,מוצרי בצק,אטריות רחבות אסם 400,7290000060965,"אסם השקעות בע""מ",packaged,shared/4
carrefour,food,120100,מוצרי בצק,קוסקוס דק סוגת 350 ג,7290100702260,"אסיף תעשיות מזון בע""",packaged,shared/4
ramilevy,food,120100,מוצרי בצק,אטריות דקות אסם 400,7290000060163,מספקס-לובלה,packaged,shared/4
ramilevy,food,120100,מוצרי בצק,אטריות רחבות אסם 400,7290000060965,"אסם השקעות בע""מ",packaged,shared/4
ramilevy,food,120100,מוצרי בצק,קוסקוס דק סוגת 350 ג,7290100702260,"אסיף תעשיות מזון בע""",packaged,shared/4
shufersal,food,120100,מוצרי בצק,אטריות דקות אסם 400,7290000060163,מספקס-לובלה,packaged,shared/4
shufersal,food,120100,מוצרי בצק,אטריות רחבות אסם 400,7290000060965,"אסם השקעות בע""מ",packaged,shared/4
shufersal,food,120100,מוצרי בצק,קוסקוס דק סוגת 350 ג,7290100702260,"אסיף תעשיות מזון בע""",packaged,shared/4
tivtaam,food,120100,מוצרי בצק,אטריות דקות אסם 400,7290000060163,מספקס-לובלה,packaged,shared/4
tivtaam,food,120100,מוצרי בצק,אטריות רחבות אסם 400,7290000060965,"אסם השקעות בע""מ",packaged,shared/4
tivtaam,food,120100,מוצרי בצק,קוסקוס דק סוגת 350 ג,7290100702260,"אסיף תעשיות מזון בע""",packaged,shared/4
carrefour,food,120110,קטניות ומוצרי דגן,אורז אדום 500ג סוגת,7290100704691,"סוגת תעשיות בע""מ",packaged,shared/4
carrefour,food,120110,קטניות ומוצרי דגן,אורז עגול ריזוטו 1 ק,7290000211985,"סוגת תעשיות בע""מ",packaged,shared/4
carrefour,food,120110,קטניות ומוצרי דגן,בורגול 500 גרם סוגת,7290100700587,"סוגת תעשיות בע""מ",packaged,shared/4
ramilevy,food,120110,קטניות ומוצרי דגן,אורז אדום 500ג סוגת,7290100704691,"סוגת תעשיות בע""מ",packaged,shared/4
ramilevy,food,120110,קטניות ומוצרי דגן,אורז עגול ריזוטו 1 ק,7290000211985,"סוגת תעשיות בע""מ",packaged,shared/4
ramilevy,food,120110,קטניות ומוצרי דגן,בורגול 500 גרם סוגת,7290100700587,"סוגת תעשיות בע""מ",packaged,shared/4
shufersal,food,120110,קטניות ומוצרי דגן,אורז אדום 500ג סוגת,7290100704691,"סוגת תעשיות בע""מ",packaged,shared/4
shufersal,food,120110,קטניות ומוצרי דגן,אורז עגול ריזוטו 1 ק,7290000211985,"סוגת תעשיות בע""מ",packaged,shared/4
shufersal,food,120110,קטניות ומוצרי דגן,בורגול 500 גרם סוגת,7290100700587,"סוגת תעשיות בע""מ",packaged,shared/4
tivtaam,food,120110,קטניות ומוצרי דגן,אורז אדום 500ג סוגת,7290100704691,"סוגת תעשיות בע""מ",packaged,shared/4
tivtaam,food,120110,קטניות ומוצרי דגן,אורז עגול ריזוטו 1 ק,7290000211985,"סוגת תעשיות בע""מ",packaged,shared/4
tivtaam,food,120110,קטניות ומוצרי דגן,בורגול 500 גרם סוגת,7290100700587,"סוגת תעשיות בע""מ",packaged,shared/4
carrefour,food,120120,ביצים,12 ביצים חופש L מ. ל,7290001201862,",",packaged,shared/3
carrefour,food,120120,ביצים,12 ביצים חופש M מ.לס,7290001201886,",",packaged,shared/3
shufersal,food,120120,ביצים,12 ביצים חופש L מ. ל,7290001201862,",",packaged,shared/3
shufersal,food,120120,ביצים,12 ביצים חופש M מ.לס,7290001201886,",",packaged,shared/3
tivtaam,food,120120,ביצים,12 ביצים חופש L מ. ל,7290001201862,",",packaged,shared/3
tivtaam,food,120120,ביצים,12 ביצים חופש M מ.לס,7290001201886,",",packaged,shared/3
carrefour,food,120140,בשר בקר,אסאדו מפורק 240 גרם זוגלובק,7290109581651,כללי,packaged,shared/3
carrefour,food,120140,בשר בקר,בורגר אנטריקוט360 אלגאצו,7290004011819,OF עבור נטו,packaged,shared/4
carrefour,food,120140,בשר בקר,קבב אנטריקוט קצבים א,7290002453697,",",packaged,shared/3
ramilevy,food,120140,בשר בקר,אסאדו מפורק 240 גרם זוגלובק,7290109581651,כללי,packaged,shared/3
ramilevy,food,120140,בשר בקר,בורגר אנטריקוט360 אלגאצו,7290004011819,OF עבור נטו,packaged,shared/4
ramilevy,food,120140,בשר בקר,קבב אנטריקוט קצבים א,7290002453697,",",packaged,shared/3
shufersal,food,120140,בשר בקר,בורגר אנטריקוט360 אלגאצו,7290004011819,OF עבור נטו,packaged,shared/4
shufersal,food,120140,בשר בקר,קבב אנטריקוט קצבים א,7290002453697,",",packaged,shared/3
tivtaam,food,120140,בשר בקר,אסאדו מפורק 240 גרם זוגלובק,7290109581651,כללי,packaged,shared/3
tivtaam,food,120140,בשר בקר,בורגר אנטריקוט360 אלגאצו,7290004011819,OF עבור נטו,packaged,shared/4
carrefour,food,120160,עופות,צונגו פנקו שניצל עוף טו,7290019205920,",",packaged,shared/4
carrefour,food,120160,עופות,שניצל עוף אמיתי ביתי 700 גרם,7290008409582,תנובה גליל שותפות מו,packaged,shared/4
carrefour,food,120160,עופות,שניצל עוף אמיתי בציפוי מעודן-700 גרם,7290008409551,תנובה גליל שותפות מו,packaged,shared/4
ramilevy,food,120160,עופות,צונגו פנקו שניצל עוף טו,7290019205920,",",packaged,shared/4
ramilevy,food,120160,עופות,שניצל עוף אמיתי ביתי 700 גרם,7290008409582,תנובה גליל שותפות מו,packaged,shared/4
ramilevy,food,120160,עופות,שניצל עוף אמיתי בציפוי מעודן-700 גרם,7290008409551,תנובה גליל שותפות מו,packaged,shared/4
shufersal,food,120160,עופות,צונגו פנקו שניצל עוף טו,7290019205920,",",packaged,shared/4
shufersal,food,120160,עופות,שניצל עוף אמיתי ביתי 700 גרם,7290008409582,תנובה גליל שותפות מו,packaged,shared/4
shufersal,food,120160,עופות,שניצל עוף אמיתי בציפוי מעודן-700 גרם,7290008409551,תנובה גליל שותפות מו,packaged,shared/4
tivtaam,food,120160,עופות,צונגו פנקו שניצל עוף טו,7290019205920,",",packaged,shared/4
tivtaam,food,120160,עופות,שניצל עוף אמיתי ביתי 700 גרם,7290008409582,תנובה גליל שותפות מו,packaged,shared/4
tivtaam,food,120160,עופות,שניצל עוף אמיתי בציפוי מעודן-700 גרם,7290008409551,תנובה גליל שותפות מו,packaged,shared/4
carrefour,food,120170,בשר משומר ומעובד,נקניקיות הודו בקר ריינהולדס 310 גרם,7290012228278,זוגלובק,packaged,shared/4
carrefour,food,120170,בשר משומר ומעובד,נקניקיות עוף1ק זוגלובק,7290000537603,זוגלובק,packaged,shared/4
carrefour,food,120170,בשר משומר ומעובד,נקניקיות צוריסוס wonders 226 גר,7290109580050,זוגלובק 2000,packaged,shared/4
ramilevy,food,120170,בשר משומר ומעובד,נקניקיות הודו בקר ריינהולדס 310 גרם,7290012228278,זוגלובק,packaged,shared/4
ramilevy,food,120170,בשר משומר ומעובד,נקניקיות עוף1ק זוגלובק,7290000537603,זוגלובק,packaged,shared/4
ramilevy,food,120170,בשר משומר ומעובד,נקניקיות צוריסוס wonders 226 גר,7290109580050,זוגלובק 2000,packaged,shared/4
shufersal,food,120170,בשר משומר ומעובד,נקניקיות הודו בקר ריינהולדס 310 גרם,7290012228278,זוגלובק,packaged,shared/4
shufersal,food,120170,בשר משומר ומעובד,נקניקיות עוף1ק זוגלובק,7290000537603,זוגלובק,packaged,shared/4
shufersal,food,120170,בשר משומר ומעובד,נקניקיות צוריסוס wonders 226 גר,7290109580050,זוגלובק 2000,packaged,shared/4
tivtaam,food,120170,בשר משומר ומעובד,נקניקיות הודו בקר ריינהולדס 310 גרם,7290012228278,זוגלובק,packaged,shared/4
tivtaam,food,120170,בשר משומר ומעובד,נקניקיות עוף1ק זוגלובק,7290000537603,זוגלובק,packaged,shared/4
tivtaam,food,120170,בשר משומר ומעובד,נקניקיות צוריסוס wonders 226 גר,7290109580050,זוגלובק 2000,packaged,shared/4
carrefour,food,120180,דגים,פילה דג סול (פוטית) קפוא,7290003069590,דאליאן גואופו אקאטיק,packaged,shared/3
carrefour,food,120180,דגים,פילה סלמון מעושן פרוס מצונן 100 גרם,5901576058585,",",packaged,shared/3
carrefour,food,120180,דגים,קציצות דג אמנון מוקפא 450 גרם,7290000664026,Shondong Tongxing Fo,packaged,shared/3
ramilevy,food,120180,דגים,פילה דג סול (פוטית) קפוא,7290003069590,דאליאן גואופו אקאטיק,packaged,shared/3
ramilevy,food,120180,דגים,קציצות דג אמנון מוקפא 450 גרם,7290000664026,Shondong Tongxing Fo,packaged,shared/3
shufersal,food,120180,דגים,פילה דג סול (פוטית) קפוא,7290003069590,דאליאן גואופו אקאטיק,packaged,shared/3
shufersal,food,120180,דגים,פילה סלמון מעושן פרוס מצונן 100 גרם,5901576058585,",",packaged,shared/3
tivtaam,food,120180,דגים,פילה סלמון מעושן פרוס מצונן 100 גרם,5901576058585,",",packaged,shared/3
tivtaam,food,120180,דגים,קציצות דג אמנון מוקפא 450 גרם,7290000664026,Shondong Tongxing Fo,packaged,shared/3
carrefour,food,120190,שימורי דגים ודגים מעובדים,רביעית טונה בהירה בשמן וילי פוד 4*160 גר,7290015039246,גולדן פרייז קאנינג א,packaged,shared/4
carrefour,food,120190,שימורי דגים ודגים מעובדים,רביעית טונה במי מלח וילי פוד 4*160 גר,7290015039338,גולדן פרייז קאנינג א,packaged,shared/4
carrefour,food,120190,שימורי דגים ודגים מעובדים,שלישיית טונה ריו מרה 3*80 גרם,8004030344938,"בולטון אלימנטרי בע""מ",packaged,shared/4
ramilevy,food,120190,שימורי דגים ודגים מעובדים,רביעית טונה בהירה בשמן וילי פוד 4*160 גר,7290015039246,גולדן פרייז קאנינג א,packaged,shared/4
ramilevy,food,120190,שימורי דגים ודגים מעובדים,רביעית טונה במי מלח וילי פוד 4*160 גר,7290015039338,גולדן פרייז קאנינג א,packaged,shared/4
ramilevy,food,120190,שימורי דגים ודגים מעובדים,שלישיית טונה ריו מרה 3*80 גרם,8004030344938,"בולטון אלימנטרי בע""מ",packaged,shared/4
shufersal,food,120190,שימורי דגים ודגים מעובדים,רביעית טונה בהירה בשמן וילי פוד 4*160 גר,7290015039246,גולדן פרייז קאנינג א,packaged,shared/4
shufersal,food,120190,שימורי דגים ודגים מעובדים,רביעית טונה במי מלח וילי פוד 4*160 גר,7290015039338,גולדן פרייז קאנינג א,packaged,shared/4
shufersal,food,120190,שימורי דגים ודגים מעובדים,שלישיית טונה ריו מרה 3*80 גרם,8004030344938,"בולטון אלימנטרי בע""מ",packaged,shared/4
tivtaam,food,120190,שימורי דגים ודגים מעובדים,רביעית טונה בהירה בשמן וילי פוד 4*160 גר,7290015039246,גולדן פרייז קאנינג א,packaged,shared/4
tivtaam,food,120190,שימורי דגים ודגים מעובדים,רביעית טונה במי מלח וילי פוד 4*160 גר,7290015039338,גולדן פרייז קאנינג א,packaged,shared/4
tivtaam,food,120190,שימורי דגים ודגים מעובדים,שלישיית טונה ריו מרה 3*80 גרם,8004030344938,"בולטון אלימנטרי בע""מ",packaged,shared/4
carrefour,food,120210,שמנים,"ספריי שמן PAM בטעם שמן זית 141 מ""ל",64144090020,קונגרס פודס,packaged,shared/4
carrefour,food,120210,שמנים,שמן גרעיני ענבים דורו 1ל,8007270999012,קוסטה דיאורו,packaged,shared/4
carrefour,food,120210,שמנים,שמן קנולה עץ הזית 1 ל מועשר,7290002692393,סקנולה,packaged,shared/4
ramilevy,food,120210,שמנים,"ספריי שמן PAM בטעם שמן זית 141 מ""ל",64144090020,קונגרס פודס,packaged,shared/4
ramilevy,food,120210,שמנים,שמן גרעיני ענבים דורו 1ל,8007270999012,קוסטה דיאורו,packaged,shared/4
ramilevy,food,120210,שמנים,שמן קנולה עץ הזית 1 ל מועשר,7290002692393,סקנולה,packaged,shared/4
shufersal,food,120210,שמנים,"ספריי שמן PAM בטעם שמן זית 141 מ""ל",64144090020,קונגרס פודס,packaged,shared/4
shufersal,food,120210,שמנים,שמן גרעיני ענבים דורו 1ל,8007270999012,קוסטה דיאורו,packaged,shared/4
shufersal,food,120210,שמנים,שמן קנולה עץ הזית 1 ל מועשר,7290002692393,סקנולה,packaged,shared/4
tivtaam,food,120210,שמנים,"ספריי שמן PAM בטעם שמן זית 141 מ""ל",64144090020,קונגרס פודס,packaged,shared/4
tivtaam,food,120210,שמנים,שמן גרעיני ענבים דורו 1ל,8007270999012,קוסטה דיאורו,packaged,shared/4
tivtaam,food,120210,שמנים,שמן קנולה עץ הזית 1 ל מועשר,7290002692393,סקנולה,packaged,shared/4
carrefour,food,120220,מרגרינה,מרגרינה בטעם חמאה שמרית 200 גר,7290000453897,גרונבאנג- גרונדנסק א,packaged,shared/4
carrefour,food,120220,מרגרינה,מרגרינה בטעם חמאה200גרם,8719200998018,"מיוצר ע""י יוניליוור",packaged,shared/3
carrefour,food,120220,מרגרינה,מרגרינה ללא מלח לאפיה ובישול שמרית 200גר,7290000453880,גרונבאנג- גרונדנסק א,packaged,shared/4
ramilevy,food,120220,מרגרינה,מרגרינה בטעם חמאה שמרית 200 גר,7290000453897,גרונבאנג- גרונדנסק א,packaged,shared/4
ramilevy,food,120220,מרגרינה,מרגרינה בטעם חמאה200גרם,8719200998018,"מיוצר ע""י יוניליוור",packaged,shared/3
ramilevy,food,120220,מרגרינה,מרגרינה ללא מלח לאפיה ובישול שמרית 200גר,7290000453880,גרונבאנג- גרונדנסק א,packaged,shared/4
shufersal,food,120220,מרגרינה,מרגרינה בטעם חמאה שמרית 200 גר,7290000453897,גרונבאנג- גרונדנסק א,packaged,shared/4
shufersal,food,120220,מרגרינה,מרגרינה בטעם חמאה200גרם,8719200998018,"מיוצר ע""י יוניליוור",packaged,shared/3
shufersal,food,120220,מרגרינה,מרגרינה ללא מלח לאפיה ובישול שמרית 200גר,7290000453880,גרונבאנג- גרונדנסק א,packaged,shared/4
tivtaam,food,120220,מרגרינה,מרגרינה בטעם חמאה שמרית 200 גר,7290000453897,גרונבאנג- גרונדנסק א,packaged,shared/4
tivtaam,food,120220,מרגרינה,מרגרינה ללא מלח לאפיה ובישול שמרית 200גר,7290000453880,גרונבאנג- גרונדנסק א,packaged,shared/4
carrefour,food,120240,חלב,חלב טרי 2% דל לקטוז 1 ל,7290000040974,"תנובה, מחלבת רחובות",packaged,shared/4
carrefour,food,120240,חלב,חלב יטבתה 3% מועשר 2 ליטר,7290003029815,מחלבת יטבתה,packaged,shared/4
carrefour,food,120240,חלב,חלב מלא 3.8% 1ליטר תנובה,7290000051352,הרדוף תוצרת מזון אור,packaged,shared/4
ramilevy,food,120240,חלב,חלב טרי 2% דל לקטוז 1 ל,7290000040974,"תנובה, מחלבת רחובות",packaged,shared/4
ramilevy,food,120240,חלב,חלב יטבתה 3% מועשר 2 ליטר,7290003029815,מחלבת יטבתה,packaged,shared/4
ramilevy,food,120240,חלב,חלב מלא 3.8% 1ליטר תנובה,7290000051352,הרדוף תוצרת מזון אור,packaged,shared/4
shufersal,food,120240,חלב,חלב טרי 2% דל לקטוז 1 ל,7290000040974,"תנובה, מחלבת רחובות",packaged,shared/4
shufersal,food,120240,חלב,חלב יטבתה 3% מועשר 2 ליטר,7290003029815,מחלבת יטבתה,packaged,shared/4
shufersal,food,120240,חלב,חלב מלא 3.8% 1ליטר תנובה,7290000051352,הרדוף תוצרת מזון אור,packaged,shared/4
tivtaam,food,120240,חלב,חלב טרי 2% דל לקטוז 1 ל,7290000040974,"תנובה, מחלבת רחובות",packaged,shared/4
tivtaam,food,120240,חלב,חלב יטבתה 3% מועשר 2 ליטר,7290003029815,מחלבת יטבתה,packaged,shared/4
tivtaam,food,120240,חלב,חלב מלא 3.8% 1ליטר תנובה,7290000051352,הרדוף תוצרת מזון אור,packaged,shared/4
carrefour,food,120250,"לבן, יוגורט ומעדני חלב","דנונה תות 3% 150 מ""ל",7290006664532,"שטראוס בריאות בע""מ",packaged,shared/4
carrefour,food,120250,"לבן, יוגורט ומעדני חלב",יוגורט כדים תנובה 1.,7290000043944,מחלבת אלון תבור,packaged,shared/4
carrefour,food,120250,"לבן, יוגורט ומעדני חלב",מעדן חלב מלבי גד 160,7290000554402,"מיוצר ע""י קוד יצרן E",packaged,shared/4
ramilevy,food,120250,"לבן, יוגורט ומעדני חלב","דנונה תות 3% 150 מ""ל",7290006664532,"שטראוס בריאות בע""מ",packaged,shared/4
ramilevy,food,120250,"לבן, יוגורט ומעדני חלב",יוגורט כדים תנובה 1.,7290000043944,מחלבת אלון תבור,packaged,shared/4
ramilevy,food,120250,"לבן, יוגורט ומעדני חלב",מעדן חלב מלבי גד 160,7290000554402,"מיוצר ע""י קוד יצרן E",packaged,shared/4
shufersal,food,120250,"לבן, יוגורט ומעדני חלב","דנונה תות 3% 150 מ""ל",7290006664532,"שטראוס בריאות בע""מ",packaged,shared/4
shufersal,food,120250,"לבן, יוגורט ומעדני חלב",יוגורט כדים תנובה 1.,7290000043944,מחלבת אלון תבור,packaged,shared/4
shufersal,food,120250,"לבן, יוגורט ומעדני חלב",מעדן חלב מלבי גד 160,7290000554402,"מיוצר ע""י קוד יצרן E",packaged,shared/4
tivtaam,food,120250,"לבן, יוגורט ומעדני חלב","דנונה תות 3% 150 מ""ל",7290006664532,"שטראוס בריאות בע""מ",packaged,shared/4
tivtaam,food,120250,"לבן, יוגורט ומעדני חלב",יוגורט כדים תנובה 1.,7290000043944,מחלבת אלון תבור,packaged,shared/4
tivtaam,food,120250,"לבן, יוגורט ומעדני חלב",מעדן חלב מלבי גד 160,7290000554402,"מיוצר ע""י קוד יצרן E",packaged,shared/4
carrefour,food,120260,שמנת,"שמנת לבישול 9% 250 מ""ל",7290106520912,מחלבת יטבתה,packaged,shared/4
carrefour,food,120260,שמנת,שמנת להקצפה38% תנובה500מ,7290000058047,תנובה,packaged,shared/4
carrefour,food,120260,שמנת,"שמנת עמידה לקצפת 38% 250 מ""ל",7290104728310,מחלבת יטבתה,packaged,shared/4
ramilevy,food,120260,שמנת,"שמנת לבישול 9% 250 מ""ל",7290106520912,מחלבת יטבתה,packaged,shared/4
ramilevy,food,120260,שמנת,שמנת להקצפה38% תנובה500מ,7290000058047,תנובה,packaged,shared/4
ramilevy,food,120260,שמנת,"שמנת עמידה לקצפת 38% 250 מ""ל",7290104728310,מחלבת יטבתה,packaged,shared/4
shufersal,food,120260,שמנת,"שמנת לבישול 9% 250 מ""ל",7290106520912,מחלבת יטבתה,packaged,shared/4
shufersal,food,120260,שמנת,שמנת להקצפה38% תנובה500מ,7290000058047,תנובה,packaged,shared/4
shufersal,food,120260,שמנת,"שמנת עמידה לקצפת 38% 250 מ""ל",7290104728310,מחלבת יטבתה,packaged,shared/4
tivtaam,food,120260,שמנת,"שמנת לבישול 9% 250 מ""ל",7290106520912,מחלבת יטבתה,packaged,shared/4
tivtaam,food,120260,שמנת,שמנת להקצפה38% תנובה500מ,7290000058047,תנובה,packaged,shared/4
tivtaam,food,120260,שמנת,"שמנת עמידה לקצפת 38% 250 מ""ל",7290104728310,מחלבת יטבתה,packaged,shared/4
carrefour,food,120270,חמאה,"חמאה לל""ת מלח200ג ואליו",7290008175173,ואליו אל.טי.די,packaged,shared/4
carrefour,food,120270,חמאה,חמאה מהדרין 200ג תנובה,7290116932033,"תנובה בע""מ",packaged,shared/4
carrefour,food,120270,חמאה,מזולה בטעם חמאה 250 גרם,8719200998032,"מיוצר ע""י יוניליוור",packaged,shared/4
ramilevy,food,120270,חמאה,"חמאה לל""ת מלח200ג ואליו",7290008175173,ואליו אל.טי.די,packaged,shared/4
ramilevy,food,120270,חמאה,חמאה מהדרין 200ג תנובה,7290116932033,"תנובה בע""מ",packaged,shared/4
ramilevy,food,120270,חמאה,מזולה בטעם חמאה 250 גרם,8719200998032,"מיוצר ע""י יוניליוור",packaged,shared/4
shufersal,food,120270,חמאה,"חמאה לל""ת מלח200ג ואליו",7290008175173,ואליו אל.טי.די,packaged,shared/4
shufersal,food,120270,חמאה,חמאה מהדרין 200ג תנובה,7290116932033,"תנובה בע""מ",packaged,shared/4
shufersal,food,120270,חמאה,מזולה בטעם חמאה 250 גרם,8719200998032,"מיוצר ע""י יוניליוור",packaged,shared/4
tivtaam,food,120270,חמאה,"חמאה לל""ת מלח200ג ואליו",7290008175173,ואליו אל.טי.די,packaged,shared/4
tivtaam,food,120270,חמאה,חמאה מהדרין 200ג תנובה,7290116932033,"תנובה בע""מ",packaged,shared/4
tivtaam,food,120270,חמאה,מזולה בטעם חמאה 250 גרם,8719200998032,"מיוצר ע""י יוניליוור",packaged,shared/4
carrefour,food,120280,גבינה,** גד בייבי מוצרלה 1,7290006492432,מחלבות גד בעמ,packaged,shared/4
carrefour,food,120280,גבינה,קוטג טרה 5% ווסטהיים,7290114310918,",",packaged,shared/4
carrefour,food,120280,גבינה,קשקבל צ'אנק 150 גר'.,7290108504279,ג.וילי פוד אינטרנשיו,packaged,shared/4
ramilevy,food,120280,גבינה,** גד בייבי מוצרלה 1,7290006492432,מחלבות גד בעמ,packaged,shared/4
ramilevy,food,120280,גבינה,קוטג טרה 5% ווסטהיים,7290114310918,",",packaged,shared/4
ramilevy,food,120280,גבינה,קשקבל צ'אנק 150 גר'.,7290108504279,ג.וילי פוד אינטרנשיו,packaged,shared/4
shufersal,food,120280,גבינה,** גד בייבי מוצרלה 1,7290006492432,מחלבות גד בעמ,packaged,shared/4
shufersal,food,120280,גבינה,קוטג טרה 5% ווסטהיים,7290114310918,",",packaged,shared/4
shufersal,food,120280,גבינה,קשקבל צ'אנק 150 גר'.,7290108504279,ג.וילי פוד אינטרנשיו,packaged,shared/4
tivtaam,food,120280,גבינה,** גד בייבי מוצרלה 1,7290006492432,מחלבות גד בעמ,packaged,shared/4
tivtaam,food,120280,גבינה,קוטג טרה 5% ווסטהיים,7290114310918,",",packaged,shared/4
tivtaam,food,120280,גבינה,קשקבל צ'אנק 150 גר'.,7290108504279,ג.וילי פוד אינטרנשיו,packaged,shared/4
carrefour,food,120285,גלידות,"גלידה פנטסיה 900 מ""ל שוקו וניל",7290004554354,"גלידת שטראוס בע""מ, ר",packaged,shared/4
carrefour,food,120285,גלידות,גלידה קרמיסימו סרבט תות לימון 650 גרם,7290006681003,"גלידת שטראוס בע""מ, ר",packaged,shared/4
carrefour,food,120285,גלידות,מאגדת חמישיה שלגון וניל עם ש. פיסטוק 99,7290101114338,",",packaged,shared/4
ramilevy,food,120285,גלידות,"גלידה פנטסיה 900 מ""ל שוקו וניל",7290004554354,"גלידת שטראוס בע""מ, ר",packaged,shared/4
ramilevy,food,120285,גלידות,גלידה קרמיסימו סרבט תות לימון 650 גרם,7290006681003,"גלידת שטראוס בע""מ, ר",packaged,shared/4
ramilevy,food,120285,גלידות,מאגדת חמישיה שלגון וניל עם ש. פיסטוק 99,7290101114338,",",packaged,shared/4
shufersal,food,120285,גלידות,"גלידה פנטסיה 900 מ""ל שוקו וניל",7290004554354,"גלידת שטראוס בע""מ, ר",packaged,shared/4
shufersal,food,120285,גלידות,גלידה קרמיסימו סרבט תות לימון 650 גרם,7290006681003,"גלידת שטראוס בע""מ, ר",packaged,shared/4
shufersal,food,120285,גלידות,מאגדת חמישיה שלגון וניל עם ש. פיסטוק 99,7290101114338,",",packaged,shared/4
tivtaam,food,120285,גלידות,"גלידה פנטסיה 900 מ""ל שוקו וניל",7290004554354,"גלידת שטראוס בע""מ, ר",packaged,shared/4
tivtaam,food,120285,גלידות,גלידה קרמיסימו סרבט תות לימון 650 גרם,7290006681003,"גלידת שטראוס בע""מ, ר",packaged,shared/4
tivtaam,food,120285,גלידות,מאגדת חמישיה שלגון וניל עם ש. פיסטוק 99,7290101114338,",",packaged,shared/4
carrefour,food,120300,"תבלינים, רטבים, מוצרים לעוגה ומזון לתינוקות",אינסטנט פודינג וניל 80גר,7290000068138,"אסם השקעות בע""מ",packaged,shared/4
carrefour,food,120300,"תבלינים, רטבים, מוצרים לעוגה ומזון לתינוקות",חומץ הדרים 5% יכין 1,7290000209012,"זנלכל בע""מ",packaged,shared/4
carrefour,food,120300,"תבלינים, רטבים, מוצרים לעוגה ומזון לתינוקות",חרדל אמיתי תלמה 250 גרם,7290000111360,יוניליוור ישראל מזו,packaged,shared/4
ramilevy,food,120300,"תבלינים, רטבים, מוצרים לעוגה ומזון לתינוקות",אינסטנט פודינג וניל 80גר,7290000068138,"אסם השקעות בע""מ",packaged,shared/4
ramilevy,food,120300,"תבלינים, רטבים, מוצרים לעוגה ומזון לתינוקות",חומץ הדרים 5% יכין 1,7290000209012,"זנלכל בע""מ",packaged,shared/4
ramilevy,food,120300,"תבלינים, רטבים, מוצרים לעוגה ומזון לתינוקות",חרדל אמיתי תלמה 250 גרם,7290000111360,יוניליוור ישראל מזו,packaged,shared/4
shufersal,food,120300,"תבלינים, רטבים, מוצרים לעוגה ומזון לתינוקות",אינסטנט פודינג וניל 80גר,7290000068138,"אסם השקעות בע""מ",packaged,shared/4
shufersal,food,120300,"תבלינים, רטבים, מוצרים לעוגה ומזון לתינוקות",חומץ הדרים 5% יכין 1,7290000209012,"זנלכל בע""מ",packaged,shared/4
shufersal,food,120300,"תבלינים, רטבים, מוצרים לעוגה ומזון לתינוקות",חרדל אמיתי תלמה 250 גרם,7290000111360,יוניליוור ישראל מזו,packaged,shared/4
tivtaam,food,120300,"תבלינים, רטבים, מוצרים לעוגה ומזון לתינוקות",אינסטנט פודינג וניל 80גר,7290000068138,"אסם השקעות בע""מ",packaged,shared/4
tivtaam,food,120300,"תבלינים, רטבים, מוצרים לעוגה ומזון לתינוקות",חומץ הדרים 5% יכין 1,7290000209012,"זנלכל בע""מ",packaged,shared/4
tivtaam,food,120300,"תבלינים, רטבים, מוצרים לעוגה ומזון לתינוקות",חרדל אמיתי תלמה 250 גרם,7290000111360,יוניליוור ישראל מזו,packaged,shared/4
carrefour,food,120310,תה,תה ירוק נענע באריזה 50 יח,7290006251589,בית ויסוצקי,packaged,shared/4
carrefour,food,120310,תה,תה מסאלה צאי 25שק*2גרם,7290006251107,תה ויסוצקי,packaged,shared/4
carrefour,food,120310,תה,תה נענע 25 שקיקים 1.5 גרם,7290000345536,תה ויסוצקי,packaged,shared/4
ramilevy,food,120310,תה,תה ירוק נענע באריזה 50 יח,7290006251589,בית ויסוצקי,packaged,shared/4
ramilevy,food,120310,תה,תה מסאלה צאי 25שק*2גרם,7290006251107,תה ויסוצקי,packaged,shared/4
ramilevy,food,120310,תה,תה נענע 25 שקיקים 1.5 גרם,7290000345536,תה ויסוצקי,packaged,shared/4
shufersal,food,120310,תה,תה ירוק נענע באריזה 50 יח,7290006251589,בית ויסוצקי,packaged,shared/4
shufersal,food,120310,תה,תה מסאלה צאי 25שק*2גרם,7290006251107,תה ויסוצקי,packaged,shared/4
shufersal,food,120310,תה,תה נענע 25 שקיקים 1.5 גרם,7290000345536,תה ויסוצקי,packaged,shared/4
tivtaam,food,120310,תה,תה ירוק נענע באריזה 50 יח,7290006251589,בית ויסוצקי,packaged,shared/4
tivtaam,food,120310,תה,תה מסאלה צאי 25שק*2גרם,7290006251107,תה ויסוצקי,packaged,shared/4
tivtaam,food,120310,תה,תה נענע 25 שקיקים 1.5 גרם,7290000345536,תה ויסוצקי,packaged,shared/4
carrefour,food,120320,קפה,** קפה נמס עלית פחית,7290000176420,שטראוס קפה בי.וי.,packaged,shared/4
carrefour,food,120320,קפה,קפה נמס עלית 50 גרם,7290000176413,שטראוס קפה בי.וי,packaged,shared/4
carrefour,food,120320,קפה,קפה נמס עלית צ'יקו 1,7290119384044,לרו,packaged,shared/4
ramilevy,food,120320,קפה,** קפה נמס עלית פחית,7290000176420,שטראוס קפה בי.וי.,packaged,shared/4
ramilevy,food,120320,קפה,קפה נמס עלית 50 גרם,7290000176413,שטראוס קפה בי.וי,packaged,shared/4
ramilevy,food,120320,קפה,קפה נמס עלית צ'יקו 1,7290119384044,לרו,packaged,shared/4
shufersal,food,120320,קפה,** קפה נמס עלית פחית,7290000176420,שטראוס קפה בי.וי.,packaged,shared/4
shufersal,food,120320,קפה,קפה נמס עלית 50 גרם,7290000176413,שטראוס קפה בי.וי,packaged,shared/4
shufersal,food,120320,קפה,קפה נמס עלית צ'יקו 1,7290119384044,לרו,packaged,shared/4
tivtaam,food,120320,קפה,** קפה נמס עלית פחית,7290000176420,שטראוס קפה בי.וי.,packaged,shared/4
tivtaam,food,120320,קפה,קפה נמס עלית 50 גרם,7290000176413,שטראוס קפה בי.וי,packaged,shared/4
tivtaam,food,120320,קפה,קפה נמס עלית צ'יקו 1,7290119384044,לרו,packaged,shared/4
carrefour,food,120330,קקאו,שוקו בשקית8*225מ יטבתה,7290003029792,מחלבת יטבתה,packaged,shared/4
carrefour,food,120330,קקאו,"שוקו ללת""ס בקבוק1ל טרה",7290102398560,",",packaged,shared/4
carrefour,food,120330,קקאו,שוקולית בשקית850ג עלית,7290010116980,שטראוס קפה בי.וי.,packaged,shared/4
ramilevy,food,120330,קקאו,שוקו בשקית8*225מ יטבתה,7290003029792,מחלבת יטבתה,packaged,shared/4
ramilevy,food,120330,קקאו,"שוקו ללת""ס בקבוק1ל טרה",7290102398560,",",packaged,shared/4
ramilevy,food,120330,קקאו,שוקולית בשקית850ג עלית,7290010116980,שטראוס קפה בי.וי.,packaged,shared/4
shufersal,food,120330,קקאו,שוקו בשקית8*225מ יטבתה,7290003029792,מחלבת יטבתה,packaged,shared/4
shufersal,food,120330,קקאו,"שוקו ללת""ס בקבוק1ל טרה",7290102398560,",",packaged,shared/4
shufersal,food,120330,קקאו,שוקולית בשקית850ג עלית,7290010116980,שטראוס קפה בי.וי.,packaged,shared/4
tivtaam,food,120330,קקאו,שוקו בשקית8*225מ יטבתה,7290003029792,מחלבת יטבתה,packaged,shared/4
tivtaam,food,120330,קקאו,"שוקו ללת""ס בקבוק1ל טרה",7290102398560,",",packaged,shared/4
tivtaam,food,120330,קקאו,שוקולית בשקית850ג עלית,7290010116980,שטראוס קפה בי.וי.,packaged,shared/4
carrefour,food,120350,משקאות קלים,פפסי מקס 1.5 ליטר.,7290000136158,"טמפו משקאות בע""מ",packaged,shared/4
carrefour,food,120350,משקאות קלים,קוקה קולה 1ליטר בודד,7290013585394,",",packaged,shared/4
carrefour,food,120350,משקאות קלים,קוקה קולה 6*1.5 ליטר,7290110115364,",",packaged,shared/4
ramilevy,food,120350,משקאות קלים,פפסי מקס 1.5 ליטר.,7290000136158,"טמפו משקאות בע""מ",packaged,shared/4
ramilevy,food,120350,משקאות קלים,קוקה קולה 1ליטר בודד,7290013585394,",",packaged,shared/4
ramilevy,food,120350,משקאות קלים,קוקה קולה 6*1.5 ליטר,7290110115364,",",packaged,shared/4
shufersal,food,120350,משקאות קלים,פפסי מקס 1.5 ליטר.,7290000136158,"טמפו משקאות בע""מ",packaged,shared/4
shufersal,food,120350,משקאות קלים,קוקה קולה 1ליטר בודד,7290013585394,",",packaged,shared/4
shufersal,food,120350,משקאות קלים,קוקה קולה 6*1.5 ליטר,7290110115364,",",packaged,shared/4
tivtaam,food,120350,משקאות קלים,פפסי מקס 1.5 ליטר.,7290000136158,"טמפו משקאות בע""מ",packaged,shared/4
tivtaam,food,120350,משקאות קלים,קוקה קולה 1ליטר בודד,7290013585394,",",packaged,shared/4
tivtaam,food,120350,משקאות קלים,קוקה קולה 6*1.5 ליטר,7290110115364,",",packaged,shared/4
carrefour,food,120360,משקאות אלכוהולים,"בירה טובורג פחית 500 מ""ל",7290001594575,",",packaged,shared/4
carrefour,food,120360,משקאות אלכוהולים,"בירה מכבי פחית 500 מ""ל",7290008464475,"טמפו משקאות בע""מ",packaged,shared/4
carrefour,food,120360,משקאות אלכוהולים,"בירה קרלסברג בפחית500מ""ל",7290001594568,",",packaged,shared/4
ramilevy,food,120360,משקאות אלכוהולים,"בירה טובורג פחית 500 מ""ל",7290001594575,",",packaged,shared/4
ramilevy,food,120360,משקאות אלכוהולים,"בירה מכבי פחית 500 מ""ל",7290008464475,"טמפו משקאות בע""מ",packaged,shared/4
ramilevy,food,120360,משקאות אלכוהולים,"בירה קרלסברג בפחית500מ""ל",7290001594568,",",packaged,shared/4
shufersal,food,120360,משקאות אלכוהולים,"בירה טובורג פחית 500 מ""ל",7290001594575,",",packaged,shared/4
shufersal,food,120360,משקאות אלכוהולים,"בירה מכבי פחית 500 מ""ל",7290008464475,"טמפו משקאות בע""מ",packaged,shared/4
shufersal,food,120360,משקאות אלכוהולים,"בירה קרלסברג בפחית500מ""ל",7290001594568,",",packaged,shared/4
tivtaam,food,120360,משקאות אלכוהולים,"בירה טובורג פחית 500 מ""ל",7290001594575,",",packaged,shared/4
tivtaam,food,120360,משקאות אלכוהולים,"בירה מכבי פחית 500 מ""ל",7290008464475,"טמפו משקאות בע""מ",packaged,shared/4
tivtaam,food,120360,משקאות אלכוהולים,"בירה קרלסברג בפחית500מ""ל",7290001594568,",",packaged,shared/4
carrefour,food,120380,סוכר ותחליפיו,ממתיק סוויטאנגו 280 גר,7290018249802,"דרך לחיות בע""מ",packaged,shared/4
carrefour,food,120380,סוכר ותחליפיו,סוכר גולדן קלאסי צנצנת 1 קג,7290001990148,"סוגת תעשיות בע""מ",packaged,shared/4
carrefour,food,120380,סוכר ותחליפיו,סוכרזית פטנט 700 טבליות,7290000504278,ביסקול בע''מ,packaged,shared/4
ramilevy,food,120380,סוכר ותחליפיו,ממתיק סוויטאנגו 280 גר,7290018249802,"דרך לחיות בע""מ",packaged,shared/4
ramilevy,food,120380,סוכר ותחליפיו,סוכר גולדן קלאסי צנצנת 1 קג,7290001990148,"סוגת תעשיות בע""מ",packaged,shared/4
ramilevy,food,120380,סוכר ותחליפיו,סוכרזית פטנט 700 טבליות,7290000504278,ביסקול בע''מ,packaged,shared/4
shufersal,food,120380,סוכר ותחליפיו,ממתיק סוויטאנגו 280 גר,7290018249802,"דרך לחיות בע""מ",packaged,shared/4
shufersal,food,120380,סוכר ותחליפיו,סוכר גולדן קלאסי צנצנת 1 קג,7290001990148,"סוגת תעשיות בע""מ",packaged,shared/4
shufersal,food,120380,סוכר ותחליפיו,סוכרזית פטנט 700 טבליות,7290000504278,ביסקול בע''מ,packaged,shared/4
tivtaam,food,120380,סוכר ותחליפיו,ממתיק סוויטאנגו 280 גר,7290018249802,"דרך לחיות בע""מ",packaged,shared/4
tivtaam,food,120380,סוכר ותחליפיו,סוכר גולדן קלאסי צנצנת 1 קג,7290001990148,"סוגת תעשיות בע""מ",packaged,shared/4
tivtaam,food,120380,סוכר ותחליפיו,סוכרזית פטנט 700 טבליות,7290000504278,ביסקול בע''מ,packaged,shared/4
carrefour,food,120390,"ריבה, דבש וכדומה",סילאן טבעי ללא סוכר720גר,7290113190375,סיטוגלו גידה אינסאט,packaged,shared/4
carrefour,food,120390,"ריבה, דבש וכדומה",סילאן שקדיה 100% טבעי385,7290113190863,דובאי,packaged,shared/4
carrefour,food,120390,"ריבה, דבש וכדומה",ריבת פירות יער טרו 250 גר,7290112197597,סימה,packaged,shared/4
ramilevy,food,120390,"ריבה, דבש וכדומה",סילאן טבעי ללא סוכר720גר,7290113190375,סיטוגלו גידה אינסאט,packaged,shared/4
ramilevy,food,120390,"ריבה, דבש וכדומה",סילאן שקדיה 100% טבעי385,7290113190863,דובאי,packaged,shared/4
ramilevy,food,120390,"ריבה, דבש וכדומה",ריבת פירות יער טרו 250 גר,7290112197597,סימה,packaged,shared/4
shufersal,food,120390,"ריבה, דבש וכדומה",סילאן טבעי ללא סוכר720גר,7290113190375,סיטוגלו גידה אינסאט,packaged,shared/4
shufersal,food,120390,"ריבה, דבש וכדומה",סילאן שקדיה 100% טבעי385,7290113190863,דובאי,packaged,shared/4
shufersal,food,120390,"ריבה, דבש וכדומה",ריבת פירות יער טרו 250 גר,7290112197597,סימה,packaged,shared/4
tivtaam,food,120390,"ריבה, דבש וכדומה",סילאן טבעי ללא סוכר720גר,7290113190375,סיטוגלו גידה אינסאט,packaged,shared/4
tivtaam,food,120390,"ריבה, דבש וכדומה",סילאן שקדיה 100% טבעי385,7290113190863,דובאי,packaged,shared/4
tivtaam,food,120390,"ריבה, דבש וכדומה",ריבת פירות יער טרו 250 גר,7290112197597,סימה,packaged,shared/4
carrefour,food,120400,ממתקים ושוקולד,שוקולד חלב פרה 100*4 גרם,7290000178103,"שטראוס גרופ בע""מ.",packaged,shared/4
carrefour,food,120400,ממתקים ושוקולד,שוקולד לבן מילקה 90 גרם,7622202265648,",",packaged,shared/4
carrefour,food,120400,ממתקים ושוקולד,שוקולד פרה לבן 100 גרם,7290112348548,"שטראוס גרופ בע""מ.",packaged,shared/4
ramilevy,food,120400,ממתקים ושוקולד,שוקולד חלב פרה 100*4 גרם,7290000178103,"שטראוס גרופ בע""מ.",packaged,shared/4
ramilevy,food,120400,ממתקים ושוקולד,שוקולד לבן מילקה 90 גרם,7622202265648,",",packaged,shared/4
ramilevy,food,120400,ממתקים ושוקולד,שוקולד פרה לבן 100 גרם,7290112348548,"שטראוס גרופ בע""מ.",packaged,shared/4
shufersal,food,120400,ממתקים ושוקולד,שוקולד חלב פרה 100*4 גרם,7290000178103,"שטראוס גרופ בע""מ.",packaged,shared/4
shufersal,food,120400,ממתקים ושוקולד,שוקולד לבן מילקה 90 גרם,7622202265648,",",packaged,shared/4
shufersal,food,120400,ממתקים ושוקולד,שוקולד פרה לבן 100 גרם,7290112348548,"שטראוס גרופ בע""מ.",packaged,shared/4
tivtaam,food,120400,ממתקים ושוקולד,שוקולד חלב פרה 100*4 גרם,7290000178103,"שטראוס גרופ בע""מ.",packaged,shared/4
tivtaam,food,120400,ממתקים ושוקולד,שוקולד לבן מילקה 90 גרם,7622202265648,",",packaged,shared/4
tivtaam,food,120400,ממתקים ושוקולד,שוקולד פרה לבן 100 גרם,7290112348548,"שטראוס גרופ בע""מ.",packaged,shared/4
carrefour,food,150315,סלטים מוכנים,מטבוחה חריפה אש 250 גרם,7290119373925,"שטראוס גרופ בע""מ",packaged,shared/3
carrefour,food,150315,סלטים מוכנים,מטבוחה מרוקאית חריפה אחלה 400 גר,7290107958639,"שטראוס גרופ בע""מ",packaged,shared/3
carrefour,food,150315,סלטים מוכנים,סלט מטבוחה אחלה 500,7290010931330,"שטראוס גרופ בע""מ",packaged,shared/3
ramilevy,food,150315,סלטים מוכנים,מטבוחה חריפה אש 250 גרם,7290119373925,"שטראוס גרופ בע""מ",packaged,shared/3
ramilevy,food,150315,סלטים מוכנים,מטבוחה מרוקאית חריפה אחלה 400 גר,7290107958639,"שטראוס גרופ בע""מ",packaged,shared/3
ramilevy,food,150315,סלטים מוכנים,סלט מטבוחה אחלה 500,7290010931330,"שטראוס גרופ בע""מ",packaged,shared/3
tivtaam,food,150315,סלטים מוכנים,מטבוחה חריפה אש 250 גרם,7290119373925,"שטראוס גרופ בע""מ",packaged,shared/3
tivtaam,food,150315,סלטים מוכנים,מטבוחה מרוקאית חריפה אחלה 400 גר,7290107958639,"שטראוס גרופ בע""מ",packaged,shared/3
tivtaam,food,150315,סלטים מוכנים,סלט מטבוחה אחלה 500,7290010931330,"שטראוס גרופ בע""מ",packaged,shared/3
carrefour,fv,120042,ירקות טריים,בצל יבש: בצל אדום,1615,,weighted,weighted-name
carrefour,fv,120042,ירקות טריים,גזר: גזר,1708,,weighted,weighted-name
carrefour,fv,120042,ירקות טריים,מלפפונים: מלפפון,1502,,weighted,weighted-name
carrefour,fv,120042,ירקות טריים,פלפל: פלפל אדום,1516,,weighted,weighted-name
carrefour,fv,120042,ירקות טריים,"תפוחי אדמה: תפו""א לבן תפזורת",1494,,weighted,weighted-name
ramilevy,fv,120042,ירקות טריים,בצל יבש: בצל אדום,7290000000289,,weighted,weighted-name
ramilevy,fv,120042,ירקות טריים,גזר: גזר,7290000001102,,weighted,weighted-name
ramilevy,fv,120042,ירקות טריים,מלפפונים: מלפפון,7290000000101,,weighted,weighted-name
ramilevy,fv,120042,ירקות טריים,עגבניות: עגבניות מגי,7290000000641,,weighted,weighted-name
ramilevy,fv,120042,ירקות טריים,פלפל: פלפל אדום,7290000000104,,weighted,weighted-name
ramilevy,fv,120042,ירקות טריים,"תפוחי אדמה: תפו""א",7290000000541,,weighted,weighted-name
shufersal,fv,120042,ירקות טריים,בצל יבש: מארז בצל אדום אורגני,7290009136883,,weighted,weighted-name
shufersal,fv,120042,ירקות טריים,גזר: גזר תפזורת,7290000001661,,weighted,weighted-name
shufersal,fv,120042,ירקות טריים,מלפפונים: מלפפון,7290000000046,,weighted,weighted-name
shufersal,fv,120042,ירקות טריים,עגבניות: עגבניות מגי ארוז,7290019600077,,weighted,weighted-name
shufersal,fv,120042,ירקות טריים,פלפל: פלפל אדום,7290000000091,,weighted,weighted-name
shufersal,fv,120042,ירקות טריים,תפוחי אדמה: תפוח אדמה אגו שף,7290018619308,,weighted,weighted-name
tivtaam,fv,120042,ירקות טריים,בצל יבש: בצל אדום,4412500,,weighted,weighted-name
tivtaam,fv,120042,ירקות טריים,גזר: גזר,7290018825006,,weighted,weighted-name
tivtaam,fv,120042,ירקות טריים,עגבניות: עגבניות,4412784,,weighted,weighted-name
tivtaam,fv,120042,ירקות טריים,פלפל: פרס פלפל,6217707,,weighted,weighted-name
tivtaam,fv,120042,ירקות טריים,"תפוחי אדמה: תפו""א לבן",7290018825211,,weighted,weighted-name
carrefour,fv,120043,פירות טריים,אבטיח: אבטיח,1543,,weighted,weighted-name
carrefour,fv,120043,פירות טריים,בננות: בננה צ`יפס,7290000078021,,weighted,weighted-name
carrefour,fv,120043,פירות טריים,מלון: מלון,1518,,weighted,weighted-name
carrefour,fv,120043,פירות טריים,תפוזים: תפוז,1552,,weighted,weighted-name
carrefour,fv,120043,פירות טריים,תפוחים: תפוח עץ גלה,1645,,weighted,weighted-name
ramilevy,fv,120043,פירות טריים,אבטיח: אבטיח,7290000000169,,weighted,weighted-name
ramilevy,fv,120043,פירות טריים,בננות: בננה,7290000000134,,weighted,weighted-name
ramilevy,fv,120043,פירות טריים,מלון: מלון,7290000000140,,weighted,weighted-name
ramilevy,fv,120043,פירות טריים,ענבים: ענבים ירוקים,7290000000185,,weighted,weighted-name
ramilevy,fv,120043,פירות טריים,תפוזים: תפוז,7290000000122,,weighted,weighted-name
ramilevy,fv,120043,פירות טריים,תפוחים: תפוח עץ אנה,7290000000295,,weighted,weighted-name
shufersal,fv,120043,פירות טריים,אבטיח: אבטיח אורגני במשקל,7290000994888,,weighted,weighted-name
shufersal,fv,120043,פירות טריים,בננות: בננה,7290000964775,,weighted,weighted-name
shufersal,fv,120043,פירות טריים,מלון: מלון מובחר,7290000965055,,weighted,weighted-name
shufersal,fv,120043,פירות טריים,ענבים: ענבים ירוקים,726529983456,,weighted,weighted-name
shufersal,fv,120043,פירות טריים,תפוזים: תפוז,7290000964508,,weighted,weighted-name
shufersal,fv,120043,פירות טריים,תפוחים: תפוח עץ סמיט 70,7290000963518,,weighted,weighted-name
tivtaam,fv,120043,פירות טריים,אבטיח: אבטיח,4412906,,weighted,weighted-name
tivtaam,fv,120043,פירות טריים,בננות: בננות,4412616,,weighted,weighted-name
tivtaam,fv,120043,פירות טריים,מלון: מלון,4412807,,weighted,weighted-name
tivtaam,fv,120043,פירות טריים,ענבים: ענבים שחורים,7290013128324,,weighted,weighted-name
tivtaam,fv,120043,פירות טריים,תפוזים: תפוזים,4412432,,weighted,weighted-name
tivtaam,fv,120043,פירות טריים,תפוחים: תפוח עץ מיובש טבעות במשקל,3213498,,weighted,weighted-name
