date,chain,store_id,barcode,cbs_code,cbs_name,group,product_name,name,manufacturer,quantity,unit_of_measure,unit_qty,is_weighted,price,unit_price,promo_price,promo_min_qty,promo_desc,promo_id,effective_price,price_update,found,source_file,promo_file
2026-09-16,shufersal,290,7290020216953,120070,לחם,food,אנג'ל לחם PRO מלא פר,לחם פרו 500 גרם,מאפיית שלמה א. אנגל,500.0,100 גרם,גרם,0,21.9,4.38,,,,,21.9,,1,PriceFull7290027600007-002-290-20260916-030000.gz,PromoFull7290027600007-002-290-20260916-030000.gz
2026-09-16,shufersal,290,7290018500361,120070,לחם,food,לחם אחיד פרוס 900 גרם,לחם אחיד פרוס 900 גרם,מאפיית שלמה א. אנגל,900.0,100 גרם,גרם,0,10.05,1.12,,,,,10.05,,1,PriceFull7290027600007-002-290-20260916-030000.gz,PromoFull7290027600007-002-290-20260916-030000.gz
2026-09-16,shufersal,290,7290002065555,120070,לחם,food,לחמניות בשקית 6*75 גרם,לחמניות בשקית 6*75 גרם,מאפיית שלמה א. אנגל,450.0,100 גרם,גרם,0,12.5,2.78,,,,,12.5,,1,PriceFull7290027600007-002-290-20260916-030000.gz,PromoFull7290027600007-002-290-20260916-030000.gz
2026-09-16,shufersal,290,7290000074252,120080,"ביסקוויטים, עוגות וכדומה",food,אסם קרקר שומשום 250ג,קרקר שומשום 250 גרם,"אסם תעשיות מזון בע""מ",250.0,100 גרם,גרם,0,11.2,4.48,,,,,11.2,,1,PriceFull7290027600007-002-290-20260916-030000.gz,PromoFull7290027600007-002-290-20260916-030000.gz
2026-09-16,shufersal,290,7290115201727,120080,"ביסקוויטים, עוגות וכדומה",food,ביסלי חטיף בטעם בצל,ביסלי בצל 200 גרם,"אסם תעשיות מזון בע""מ",200.0,100 גרם,גרם,0,7.9,3.95,,,,,7.9,,1,PriceFull7290027600007-002-290-20260916-030000.gz,PromoFull7290027600007-002-290-20260916-030000.gz
2026-09-16,shufersal,290,7290000074245,120080,"ביסקוויטים, עוגות וכדומה",food,קרם קרקר אסם 250 גרם,קרם קרקר 250 גרם,"אסם תעשיות מזון בע""מ",250.0,100 גרם,גרם,0,9.9,3.96,,,,,9.9,,1,PriceFull7290027600007-002-290-20260916-030000.gz,PromoFull7290027600007-002-290-20260916-030000.gz
2026-09-16,shufersal,290,7297488098183,120090,קמח,food,קמח אורז ללא גלוטן 500 ג,קמח אורז ללא גלוטן 500 ג,"דג""ש",500.0,100 גרם,גרם,0,12.9,2.58,,,,,12.9,,1,PriceFull7290027600007-002-290-20260916-030000.gz,PromoFull7290027600007-002-290-20260916-030000.gz
2026-09-16,shufersal,290,7297488098305,120090,קמח,food,קמח שקדים דגש 250 גרם,קמח שקדים 250 גרם,,250.0,100 גרם,גרם,0,27.9,11.16,,,,,27.9,,1,PriceFull7290027600007-002-290-20260916-030000.gz,PromoFull7290027600007-002-290-20260916-030000.gz
2026-09-16,shufersal,290,7290100702383,120090,קמח,food,"קמח תופח סוגת 1 ק""ג","קמח תופח 1 ק""ג סוגת","שטיבל בע""מ",1.0,1קילוגרם,קילוגרם,0,8.9,8.9,,,,,8.9,,1,PriceFull7290027600007-002-290-20260916-030000.gz,PromoFull7290027600007-002-290-20260916-030000.gz
2026-09-16,shufersal,290,7290000060163,120100,מוצרי בצק,food,אטריות דקות אסם 400,אטריות דקות 400 גרם,"אסם תעשיות מזון בע""מ",400.0,100 גרם,גרם,0,7.9,1.98,,,,,7.9,,1,PriceFull7290027600007-002-290-20260916-030000.gz,PromoFull7290027600007-002-290-20260916-030000.gz
2026-09-16,shufersal,290,7290000060965,120100,מוצרי בצק,food,אטריות רחבות אסם 400,אטריות רחבות 400 גרם,"אסם תעשיות מזון בע""מ",400.0,100 גרם,גרם,0,7.9,1.98,,,,,7.9,,1,PriceFull7290027600007-002-290-20260916-030000.gz,PromoFull7290027600007-002-290-20260916-030000.gz
2026-09-16,shufersal,290,7290100702260,120100,מוצרי בצק,food,קוסקוס דק סוגת 350 ג,קוסקוס דק 350ג סוגת,"אסיף תעשיות מזון בע""מ",350.0,100 גרם,גרם,0,6.5,1.86,,,,,6.5,,1,PriceFull7290027600007-002-290-20260916-030000.gz,PromoFull7290027600007-002-290-20260916-030000.gz
2026-09-16,shufersal,290,7290100704691,120110,קטניות ומוצרי דגן,food,אורז אדום 500ג סוגת,אורז אדום 500ג סוגת,"סוגת תעשיות בע""מ",500.0,100 גרם,גרם,0,10.9,2.18,,,,,10.9,,1,PriceFull7290027600007-002-290-20260916-030000.gz,PromoFull7290027600007-002-290-20260916-030000.gz
2026-09-16,shufersal,290,7290000211985,120110,קטניות ומוצרי דגן,food,אורז עגול ריזוטו 1 ק,"אורז עגול 1 ק""ג סוגת",סוגת,1.0,1קילוגרם,קילוגרם,0,12.9,12.9,,,,,12.9,,1,PriceFull7290027600007-002-290-20260916-030000.gz,PromoFull7290027600007-002-290-20260916-030000.gz
2026-09-16,shufersal,290,7290100700587,120110,קטניות ומוצרי דגן,food,בורגול 500 גרם סוגת,בורגול 500 גרם סוגת,סוגת,500.0,100 גרם,גרם,0,7.9,1.58,,,,,7.9,,1,PriceFull7290027600007-002-290-20260916-030000.gz,PromoFull7290027600007-002-290-20260916-030000.gz
2026-09-16,shufersal,290,7290001201862,120120,ביצים,food,12 ביצים חופש L מ. ל,ביצי חופש 12יח L,---,1.0,יחידות,יחידות,0,21.9,21.9,,,,,21.9,,1,PriceFull7290027600007-002-290-20260916-030000.gz,PromoFull7290027600007-002-290-20260916-030000.gz
2026-09-16,shufersal,290,7290001201886,120120,ביצים,food,12 ביצים חופש M מ.לס,ביצי חופש 12יח M,---,1.0,יחידות,יחידות,0,20.9,20.9,,,,,20.9,,1,PriceFull7290027600007-002-290-20260916-030000.gz,PromoFull7290027600007-002-290-20260916-030000.gz
2026-09-16,shufersal,290,7290004011819,120140,בשר בקר,food,בורגר אנטריקוט360 אלגאצו,בורגר אנטריקוט360 אלגאצו,"טיבון ויל אחזקות בע""מ",360.0,100 גרם,גרם,0,26.9,7.47,,,,,26.9,,1,PriceFull7290027600007-002-290-20260916-030000.gz,PromoFull7290027600007-002-290-20260916-030000.gz
2026-09-16,shufersal,290,7290002453697,120140,בשר בקר,food,קבב אנטריקוט קצבים א,קבב אנטריקוט קצבים,---,400.0,100 גרם,גרם,0,31.9,7.98,,,,,31.9,,1,PriceFull7290027600007-002-290-20260916-030000.gz,PromoFull7290027600007-002-290-20260916-030000.gz
2026-09-16,shufersal,290,7290019205920,120160,עופות,food,צונגו פנקו שניצל עוף טו,צונגו פנקו שניצל עוף טו,---,600.0,100 גרם,גרם,0,42.9,7.15,,,,,42.9,,1,PriceFull7290027600007-002-290-20260916-030000.gz,PromoFull7290027600007-002-290-20260916-030000.gz
2026-09-16,shufersal,290,7290008409582,120160,עופות,food,שניצל עוף אמיתי ביתי 700 גרם,שניצל מתובל 700 גרם,תנובה גליל שותפות מוגבלת,700.0,100 גרם,גרם,0,49.9,7.13,,,,,49.9,,1,PriceFull7290027600007-002-290-20260916-030000.gz,PromoFull7290027600007-002-290-20260916-030000.gz
2026-09-16,shufersal,290,7290008409551,120160,עופות,food,שניצל עוף אמיתי בציפוי מעודן-700 גרם,שניצל עוף אמיתי מעודן700,תנובה גליל שותפות מוגבלת,700.0,100 גרם,גרם,0,49.9,7.13,,,,,49.9,,1,PriceFull7290027600007-002-290-20260916-030000.gz,PromoFull7290027600007-002-290-20260916-030000.gz
2026-09-16,shufersal,290,7290012228278,120170,בשר משומר ומעובד,food,נקניקיות הודו בקר ריינהולדס 310 גרם,נקניקיות בוקוורסט310ג,זוגלובק,310.0,100 גרם,גרם,0,26.9,8.68,,,,,26.9,,1,PriceFull7290027600007-002-290-20260916-030000.gz,PromoFull7290027600007-002-290-20260916-030000.gz
2026-09-16,shufersal,290,7290000537603,120170,בשר משומר ומעובד,food,נקניקיות עוף1ק זוגלובק,נקניקיות עוף1ק זוגלובק,זוגלובק,1.0,1קילוגרם,קילוגרם,0,28.9,28.9,,,,,28.9,,1,PriceFull7290027600007-002-290-20260916-030000.gz,PromoFull7290027600007-002-290-20260916-030000.gz
2026-09-16,shufersal,290,7290109580050,120170,בשר משומר ומעובד,food,נקניקיות צוריסוס wonders 226 גר,נקניקיות צוריסו ונדרס226,זוגלובק,226.0,100 גרם,גרם,0,30.9,13.67,,,,,30.9,,1,PriceFull7290027600007-002-290-20260916-030000.gz,PromoFull7290027600007-002-290-20260916-030000.gz
2026-09-16,shufersal,290,7290003069590,120180,דגים,food,פילה דג סול (פוטית) קפוא,פילה דג סול (פוטית) קפוא,נטו,1000.0,100 גרם,גרם,0,34.9,3.49,,,,,34.9,,1,PriceFull7290027600007-002-290-20260916-030000.gz,PromoFull7290027600007-002-290-20260916-030000.gz
2026-09-16,shufersal,290,5901576058585,120180,דגים,food,פילה סלמון מעושן פרוס מצונן 100 גרם,פילה סלמון מעושן פרוס100,---,100.0,100 גרם,גרם,0,25.9,25.9,,,,,25.9,,1,PriceFull7290027600007-002-290-20260916-030000.gz,PromoFull7290027600007-002-290-20260916-030000.gz
2026-09-16,shufersal,290,7290015039246,120190,שימורי דגים ודגים מעובדים,food,רביעית טונה בהירה בשמן וילי פוד 4*160 גר,טונה בשמן צמחי 4*160 גרם,,640.0,100 גרם,גרם,0,23.9,3.73,,,,,23.9,,1,PriceFull7290027600007-002-290-20260916-030000.gz,PromoFull7290027600007-002-290-20260916-030000.gz
2026-09-16,shufersal,290,7290015039338,120190,שימורי דגים ודגים מעובדים,food,רביעית טונה במי מלח וילי פוד 4*160 גר,טונה במי מלח4*160ג,,640.0,100 גרם,גרם,0,23.9,3.73,,,,,23.9,,1,PriceFull7290027600007-002-290-20260916-030000.gz,PromoFull7290027600007-002-290-20260916-030000.gz
2026-09-16,shufersal,290,8004030344938,120190,שימורי דגים ודגים מעובדים,food,שלישיית טונה ריו מרה 3*80 גרם,טונה בשמן זית3*80ג,"בולטון אלימנטרי בע""מ",240.0,100 גרם,גרם,0,29.9,12.46,,,,,29.9,,1,PriceFull7290027600007-002-290-20260916-030000.gz,PromoFull7290027600007-002-290-20260916-030000.gz
2026-09-16,shufersal,290,64144090020,120210,שמנים,food,"ספריי שמן PAM בטעם שמן זית 141 מ""ל","תרסיס שמן זית 148 מ""ל",קונגרה,148.0,100 מיליליטר,מיליליטר,0,18.9,12.77,,,,,18.9,,1,PriceFull7290027600007-002-290-20260916-030000.gz,PromoFull7290027600007-002-290-20260916-030000.gz
2026-09-16,shufersal,290,8007270999012,120210,שמנים,food,שמן גרעיני ענבים דורו 1ל,שמן גרעיני ענבים דורו 1ל,,1.0,1ליטר,ליטר,0,54.9,54.9,,,,,54.9,,1,PriceFull7290027600007-002-290-20260916-030000.gz,PromoFull7290027600007-002-290-20260916-030000.gz
2026-09-16,shufersal,290,7290002692393,120210,שמנים,food,שמן קנולה עץ הזית 1 ל מועשר,שמן קנולה+ויטמיןE ל1,שמן תעשיות,1.0,1ליטר,ליטר,0,16.9,16.9,,,,,16.9,,1,PriceFull7290027600007-002-290-20260916-030000.gz,PromoFull7290027600007-002-290-20260916-030000.gz
2026-09-16,shufersal,290,7290000453897,120220,מרגרינה,food,מרגרינה בטעם חמאה שמרית 200 גר,מרגרינה בטעם חמאה 200 גר,"פאקא תעשיות בע""מ",200.0,100 גרם,גרם,0,5.5,2.75,,,,,5.5,,1,PriceFull7290027600007-002-290-20260916-030000.gz,PromoFull7290027600007-002-290-20260916-030000.gz
2026-09-16,shufersal,290,8719200998018,120220,מרגרינה,food,מרגרינה בטעם חמאה200גרם,מרגרינה בטעם חמאה200גרם,"מיוצר ע\""י יוניליוור ישר",200.0,100 גרם,גרם,0,6.9,3.45,,,,,6.9,,1,PriceFull7290027600007-002-290-20260916-030000.gz,PromoFull7290027600007-002-290-20260916-030000.gz
2026-09-16,shufersal,290,7290000453880,120220,מרגרינה,food,מרגרינה ללא מלח לאפיה ובישול שמרית 200גר,מרגרינה ללא מלח 200 גרם,"פאקא תעשיות בע""מ",200.0,100 גרם,גרם,0,5.5,2.75,,,,,5.5,,1,PriceFull7290027600007-002-290-20260916-030000.gz,PromoFull7290027600007-002-290-20260916-030000.gz
2026-09-16,shufersal,290,7290000040974,120240,חלב,food,חלב טרי 2% דל לקטוז 1 ל,חלב טרי 2% דל לקטוז 1 ל,"תנובה בע""מ",1.0,1ליטר,ליטר,0,8.3,8.3,,,,,8.3,,1,PriceFull7290027600007-002-290-20260916-030000.gz,PromoFull7290027600007-002-290-20260916-030000.gz
2026-09-16,shufersal,290,7290003029815,120240,חלב,food,חלב יטבתה 3% מועשר 2 ליטר,חלב מועשר3% כד 2ל,מחלבת יטבתה,2.0,1ליטר,ליטר,0,18.4,9.2,,,,,18.4,,1,PriceFull7290027600007-002-290-20260916-030000.gz,PromoFull7290027600007-002-290-20260916-030000.gz
2026-09-16,shufersal,290,7290000051352,120240,חלב,food,חלב מלא 3.8% 1ליטר תנובה,חלב מלא 3.8% 1ליטר תנובה,"תנובה בע""מ",1.0,1ליטר,ליטר,0,9.1,9.1,,,,,9.1,,1,PriceFull7290027600007-002-290-20260916-030000.gz,PromoFull7290027600007-002-290-20260916-030000.gz
2026-09-16,shufersal,290,7290006664532,120250,"לבן, יוגורט ומעדני חלב",food,"דנונה תות 3% 150 מ""ל",דנונה תות 3% 150 גרם,"שטראוס בריאות בע""מ",150.0,100 גרם,גרם,0,4.5,3.0,,,,,4.5,,1,PriceFull7290027600007-002-290-20260916-030000.gz,PromoFull7290027600007-002-290-20260916-030000.gz
2026-09-16,shufersal,290,7290000043944,120250,"לבן, יוגורט ומעדני חלב",food,יוגורט כדים תנובה 1.,יוגורט בכד 4% 1.5 ל,מחלבת אלון תבור,1.5,1ליטר,ליטר,0,21.9,14.6,,,,,21.9,,1,PriceFull7290027600007-002-290-20260916-030000.gz,PromoFull7290027600007-002-290-20260916-030000.gz
2026-09-16,shufersal,290,7290000554402,120250,"לבן, יוגורט ומעדני חלב",food,מעדן חלב מלבי גד 160,מלבי 160 גרם,EDNK,160.0,100 גרם,גרם,0,7.9,4.94,,,,,7.9,,1,PriceFull7290027600007-002-290-20260916-030000.gz,PromoFull7290027600007-002-290-20260916-030000.gz
2026-09-16,shufersal,290,7290106520912,120260,שמנת,food,"שמנת לבישול 9% 250 מ""ל","שמנת לבישול 9% 250 מ""ל",מחלבת יטבתה,250.0,100 מיליליטר,מיליליטר,0,8.5,3.4,,,,,8.5,,1,PriceFull7290027600007-002-290-20260916-030000.gz,PromoFull7290027600007-002-290-20260916-030000.gz
2026-09-16,shufersal,290,7290000058047,120260,שמנת,food,שמנת להקצפה38% תנובה500מ,שמנת להקצפה38% תנובה500מ,"תנובה בע""מ",500.0,100 מיליליטר,מיליליטר,0,15.28,3.06,,,,,15.28,,1,PriceFull7290027600007-002-290-20260916-030000.gz,PromoFull7290027600007-002-290-20260916-030000.gz
2026-09-16,shufersal,290,7290104728310,120260,שמנת,food,"שמנת עמידה לקצפת 38% 250 מ""ל",שמנתלהקצפה 38% 250 גרם,מחלבת יטבתה,250.0,100 גרם,גרם,0,7.64,3.06,,,,,7.64,,1,PriceFull7290027600007-002-290-20260916-030000.gz,PromoFull7290027600007-002-290-20260916-030000.gz
2026-09-16,shufersal,290,7290008175173,120270,חמאה,food,"חמאה לל""ת מלח200ג ואליו","חמאה לל""ת מלח200ג ואליו",ואליו אל.טי.די,200.0,100 גרם,גרם,0,16.9,8.45,,,,,16.9,,1,PriceFull7290027600007-002-290-20260916-030000.gz,PromoFull7290027600007-002-290-20260916-030000.gz
2026-09-16,shufersal,290,7290116932033,120270,חמאה,food,חמאה מהדרין 200ג תנובה,חמאה מהדרין 200ג תנובה,"תנובה בע""מ",200.0,100 גרם,גרם,0,9.9,4.95,,,,,9.9,,1,PriceFull7290027600007-002-290-20260916-030000.gz,PromoFull7290027600007-002-290-20260916-030000.gz
2026-09-16,shufersal,290,8719200998032,120270,חמאה,food,מזולה בטעם חמאה 250 גרם,מזולה בטעם חמאה 250 גרם,"מיוצר ע\""י יוניליוור ישר",250.0,100 גרם,גרם,0,9.9,3.96,,,,,9.9,,1,PriceFull7290027600007-002-290-20260916-030000.gz,PromoFull7290027600007-002-290-20260916-030000.gz
2026-09-16,shufersal,290,7290006492432,120280,גבינה,food,** גד בייבי מוצרלה 1,מוצרלה בייבי 150ג גד,מחלבות גד,150.0,100 גרם,גרם,0,17.9,11.93,,,,,17.9,,1,PriceFull7290027600007-002-290-20260916-030000.gz,PromoFull7290027600007-002-290-20260916-030000.gz
2026-09-16,shufersal,290,7290114310918,120280,גבינה,food,קוטג טרה 5% ווסטהיים,קוטג 5% 250 גרם,טרה,250.0,100 גרם,גרם,0,6.5,2.6,,,,,6.5,,1,PriceFull7290027600007-002-290-20260916-030000.gz,PromoFull7290027600007-002-290-20260916-030000.gz
2026-09-16,shufersal,290,7290108504279,120280,גבינה,food,קשקבל צ'אנק 150 גר'.,קשקבל צאנק 150ג אירו,אל פסטור,150.0,100 גרם,גרם,0,21.9,14.6,,,,,21.9,,1,PriceFull7290027600007-002-290-20260916-030000.gz,PromoFull7290027600007-002-290-20260916-030000.gz
2026-09-16,shufersal,290,7290004554354,120285,גלידות,food,"גלידה פנטסיה 900 מ""ל שוקו וניל",גלידת פנטסיה שוקו-וניל1ל,"גלידת שטראוס בע""מ",1.0,1ליטר,ליטר,0,32.9,32.9,,,,,32.9,,1,PriceFull7290027600007-002-290-20260916-030000.gz,PromoFull7290027600007-002-290-20260916-030000.gz
2026-09-16,shufersal,290,7290006681003,120285,גלידות,food,גלידה קרמיסימו סרבט תות לימון 650 גרם,קרמיסימו תות לימון 1.33ל,"גלידת שטראוס בע""מ",1.33,1ליטר,ליטר,0,26.9,20.23,,,,,26.9,,1,PriceFull7290027600007-002-290-20260916-030000.gz,PromoFull7290027600007-002-290-20260916-030000.gz
2026-09-16,shufersal,290,7290101114338,120285,גלידות,food,מאגדת חמישיה שלגון וניל עם ש. פיסטוק 99,חמישיה שלגון ונילש.פיסטו,---,200.0,100 גרם,גרם,0,25.9,12.95,,,,,25.9,,1,PriceFull7290027600007-002-290-20260916-030000.gz,PromoFull7290027600007-002-290-20260916-030000.gz
2026-09-16,shufersal,290,7290000068138,120300,"תבלינים, רטבים, מוצרים לעוגה ומזון לתינוקות",food,אינסטנט פודינג וניל 80גר,אינסטנט פודינג וניל 80גר,"אסם תעשיות מזון בע""מ",80.0,100 גרם,גרם,0,5.9,7.38,,,,,5.9,,1,PriceFull7290027600007-002-290-20260916-030000.gz,PromoFull7290027600007-002-290-20260916-030000.gz
2026-09-16,shufersal,290,7290000209012,120300,"תבלינים, רטבים, מוצרים לעוגה ומזון לתינוקות",food,חומץ הדרים 5% יכין 1,חומץ 5% 1 ליטר,"זנלכל בע""מ",1000.0,100 מיליליטר,מיליליטר,0,6.9,0.69,,,,,6.9,,1,PriceFull7290027600007-002-290-20260916-030000.gz,PromoFull7290027600007-002-290-20260916-030000.gz
2026-09-16,shufersal,290,7290000111360,120300,"תבלינים, רטבים, מוצרים לעוגה ומזון לתינוקות",food,חרדל אמיתי תלמה 250 גרם,חרדל אמיתי תלמה 250 גרם,יוניליוור ישראל מזון,250.0,100 גרם,גרם,0,8.9,3.56,,,,,8.9,,1,PriceFull7290027600007-002-290-20260916-030000.gz,PromoFull7290027600007-002-290-20260916-030000.gz
2026-09-16,shufersal,290,7290006251589,120310,תה,food,תה ירוק נענע באריזה 50 יח,תה ירוק נענע 50שק*1.5גרם,ויסוצקי,75.0,100 גרם,גרם,0,45.9,61.2,,,,,45.9,,1,PriceFull7290027600007-002-290-20260916-030000.gz,PromoFull7290027600007-002-290-20260916-030000.gz
2026-09-16,shufersal,290,7290006251107,120310,תה,food,תה מסאלה צאי 25שק*2גרם,תה מסאלה צאי 25שק*2גרם,ויסוצקי,50.0,100 גרם,גרם,0,20.9,41.8,,,,,20.9,,1,PriceFull7290027600007-002-290-20260916-030000.gz,PromoFull7290027600007-002-290-20260916-030000.gz
2026-09-16,shufersal,290,7290000345536,120310,תה,food,תה נענע 25 שקיקים 1.5 גרם,תה שחור עם נענע 25ש*1.7ג,ויסוצקי,42.0,100 גרם,גרם,0,18.9,45.0,,,,,18.9,,1,PriceFull7290027600007-002-290-20260916-030000.gz,PromoFull7290027600007-002-290-20260916-030000.gz
2026-09-16,shufersal,290,7290000176420,120320,קפה,food,** קפה נמס עלית פחית,קפה נמס 200 גרם עלית,שטראוס קפה בי.וי.,200.0,100 גרם,גרם,0,25.9,12.95,,,,,25.9,,1,PriceFull7290027600007-002-290-20260916-030000.gz,PromoFull7290027600007-002-290-20260916-030000.gz
2026-09-16,shufersal,290,7290000176413,120320,קפה,food,קפה נמס עלית 50 גרם,קפה נמס עלית 50 גרם,שטראוס קפה בי.וי.,50.0,100 גרם,גרם,0,12.9,25.8,,,,,12.9,,1,PriceFull7290027600007-002-290-20260916-030000.gz,PromoFull7290027600007-002-290-20260916-030000.gz
2026-09-16,shufersal,290,7290119384044,120320,קפה,food,קפה נמס עלית צ'יקו 1,ציקו בצנצנת 100 גרם,לרו,100.0,100 גרם,גרם,0,18.9,18.9,,,,,18.9,,1,PriceFull7290027600007-002-290-20260916-030000.gz,PromoFull7290027600007-002-290-20260916-030000.gz
2026-09-16,shufersal,290,7290003029792,120330,קקאו,food,שוקו בשקית8*225מ יטבתה,שוקו בשקית8*225מ יטבתה,מחלבת יטבתה,1.8,1ליטר,ליטר,0,21.9,12.17,,,,,21.9,,1,PriceFull7290027600007-002-290-20260916-030000.gz,PromoFull7290027600007-002-290-20260916-030000.gz
2026-09-16,shufersal,290,7290102398560,120330,קקאו,food,"שוקו ללת""ס בקבוק1ל טרה","שוקו ללת""ס בקבוק1ל טרה",טרה,1.0,1ליטר,ליטר,0,14.2,14.2,,,,,14.2,,1,PriceFull7290027600007-002-290-20260916-030000.gz,PromoFull7290027600007-002-290-20260916-030000.gz
2026-09-16,shufersal,290,7290010116980,120330,קקאו,food,שוקולית בשקית850ג עלית,שוקולית בשקית850ג עלית,שטראוס קפה בי.וי.,850.0,100 גרם,גרם,0,19.9,2.34,,,,,19.9,,1,PriceFull7290027600007-002-290-20260916-030000.gz,PromoFull7290027600007-002-290-20260916-030000.gz
2026-09-16,shufersal,290,7290000136158,120350,משקאות קלים,food,פפסי מקס 1.5 ליטר.,פפסי זירו 1.5 ליטר,"טמפו משקאות בע\""מ",1.5,1ליטר,ליטר,0,6.9,4.6,,,,,6.9,,1,PriceFull7290027600007-002-290-20260916-030000.gz,PromoFull7290027600007-002-290-20260916-030000.gz
2026-09-16,shufersal,290,7290013585394,120350,משקאות קלים,food,קוקה קולה 1ליטר בודד,קוקה קולה 1 ליטר,---,1.0,1ליטר,ליטר,0,7.5,7.5,,,,,7.5,,1,PriceFull7290027600007-002-290-20260916-030000.gz,PromoFull7290027600007-002-290-20260916-030000.gz
2026-09-16,shufersal,290,7290110115364,120350,משקאות קלים,food,קוקה קולה 6*1.5 ליטר,קוקה קולה 6*1.5 ליטר,החברה המרכזית לייצור משק,9.0,1ליטר,ליטר,0,47.9,5.32,,,,,47.9,,1,PriceFull7290027600007-002-290-20260916-030000.gz,PromoFull7290027600007-002-290-20260916-030000.gz
2026-09-16,shufersal,290,7290001594575,120360,משקאות אלכוהולים,food,"בירה טובורג פחית 500 מ""ל","בירה טובורג פחית 500 מ""ל",---,500.0,100 מיליליטר,מיליליטר,0,11.0,2.2,,,,,11.0,,1,PriceFull7290027600007-002-290-20260916-030000.gz,PromoFull7290027600007-002-290-20260916-030000.gz
2026-09-16,shufersal,290,7290008464475,120360,משקאות אלכוהולים,food,"בירה מכבי פחית 500 מ""ל","בירה מכבי פחית 500 מ""ל","טמפו משקאות בע\""מ",500.0,100 מיליליטר,מיליליטר,0,9.9,1.98,,,,,9.9,,1,PriceFull7290027600007-002-290-20260916-030000.gz,PromoFull7290027600007-002-290-20260916-030000.gz
2026-09-16,shufersal,290,7290001594568,120360,משקאות אלכוהולים,food,"בירה קרלסברג בפחית500מ""ל","בירה קרלסברג בפחית500מ""ל",---,500.0,100 מיליליטר,מיליליטר,0,11.0,2.2,,,,,11.0,,1,PriceFull7290027600007-002-290-20260916-030000.gz,PromoFull7290027600007-002-290-20260916-030000.gz
2026-09-16,shufersal,290,7290018249802,120380,סוכר ותחליפיו,food,ממתיק סוויטאנגו 280 גר,סוויטאנגו 280גרם,"דרך לחיות בע\""מ",280.0,100 גרם,גרם,0,28.5,10.18,,,,,28.5,,1,PriceFull7290027600007-002-290-20260916-030000.gz,PromoFull7290027600007-002-290-20260916-030000.gz
2026-09-16,shufersal,290,7290001990148,120380,סוכר ותחליפיו,food,סוכר גולדן קלאסי צנצנת 1 קג,סוכר גולדן קלאסי 1ק סוגת,סוגת,1.0,1קילוגרם,קילוגרם,0,15.9,15.9,,,,,15.9,,1,PriceFull7290027600007-002-290-20260916-030000.gz,PromoFull7290027600007-002-290-20260916-030000.gz
2026-09-16,shufersal,290,7290000504278,120380,סוכר ותחליפיו,food,סוכרזית פטנט 700 טבליות,סוכרזית 700 טבליות,ביסקול בעמ,59.0,100 גרם,גרם,0,16.9,28.64,,,,,16.9,,1,PriceFull7290027600007-002-290-20260916-030000.gz,PromoFull7290027600007-002-290-20260916-030000.gz
2026-09-16,shufersal,290,7290113190375,120390,"ריבה, דבש וכדומה",food,סילאן טבעי ללא סוכר720גר,סילאן טבעי ללא סוכר720גר,סיטולוגו,720.0,100 גרם,גרם,0,17.9,2.49,,,,,17.9,,1,PriceFull7290027600007-002-290-20260916-030000.gz,PromoFull7290027600007-002-290-20260916-030000.gz
2026-09-16,shufersal,290,7290113190863,120390,"ריבה, דבש וכדומה",food,סילאן שקדיה 100% טבעי385,סילאן שקדיה 100% טבעי385,---,385.0,100 גרם,גרם,0,14.9,3.87,,,,,14.9,,1,PriceFull7290027600007-002-290-20260916-030000.gz,PromoFull7290027600007-002-290-20260916-030000.gz
2026-09-16,shufersal,290,7290112197597,120390,"ריבה, דבש וכדומה",food,ריבת פירות יער טרו 250 גר,טרו ריבת פירות יער 250 ג,סימה,250.0,100 גרם,גרם,0,16.9,6.76,,,,,16.9,,1,PriceFull7290027600007-002-290-20260916-030000.gz,PromoFull7290027600007-002-290-20260916-030000.gz
2026-09-16,shufersal,290,7290000178103,120400,ממתקים ושוקולד,food,שוקולד חלב פרה 100*4 גרם,שוקולד חלב פרה 100*4 גרם,"שטראוס גרופ בע""מ",400.0,100 גרם,גרם,0,28.9,7.23,,,,,28.9,,1,PriceFull7290027600007-002-290-20260916-030000.gz,PromoFull7290027600007-002-290-20260916-030000.gz
2026-09-16,shufersal,290,7622202265648,120400,ממתקים ושוקולד,food,שוקולד לבן מילקה 90 גרם,שוקולד לבן מילקה 90 גרם,---,90.0,100 גרם,גרם,0,9.9,11.0,,,,,9.9,,1,PriceFull7290027600007-002-290-20260916-030000.gz,PromoFull7290027600007-002-290-20260916-030000.gz
2026-09-16,shufersal,290,7290112348548,120400,ממתקים ושוקולד,food,שוקולד פרה לבן 100 גרם,שוקולד פרה לבן 100 גרם,"שטראוס גרופ בע""מ",100.0,100 גרם,גרם,0,8.9,8.9,,,,,8.9,,1,PriceFull7290027600007-002-290-20260916-030000.gz,PromoFull7290027600007-002-290-20260916-030000.gz
2026-09-16,shufersal,290,7290009136883,120042,ירקות טריים,fv,בצל יבש: מארז בצל אדום אורגני,מארז בצל אדום אורגני,CP,1.0,1קילוגרם,קילוגרם,1,12.9,12.9,,,,,12.9,,1,PriceFull7290027600007-002-290-20260916-030000.gz,PromoFull7290027600007-002-290-20260916-030000.gz
2026-09-16,shufersal,290,7290000001661,120042,ירקות טריים,fv,גזר: גזר תפזורת,גזר תפזורת,קטיף.,1.0,1קילוגרם,קילוגרם,1,5.9,5.9,,,,,5.9,,1,PriceFull7290027600007-002-290-20260916-030000.gz,PromoFull7290027600007-002-290-20260916-030000.gz
2026-09-16,shufersal,290,7290000000046,120042,ירקות טריים,fv,מלפפונים: מלפפון,מלפפון,קטיף.,1.0,1קילוגרם,קילוגרם,1,6.9,6.9,,,,,6.9,,1,PriceFull7290027600007-002-290-20260916-030000.gz,PromoFull7290027600007-002-290-20260916-030000.gz
2026-09-16,shufersal,290,7290019600077,120042,ירקות טריים,fv,עגבניות: עגבניות מגי ארוז,עגבניות מגי ארוז,"צימן עגבניות שיווק בע""מ",1.0,1קילוגרם,קילוגרם,1,18.9,18.9,,,,,18.9,,1,PriceFull7290027600007-002-290-20260916-030000.gz,PromoFull7290027600007-002-290-20260916-030000.gz
2026-09-16,shufersal,290,7290000000091,120042,ירקות טריים,fv,פלפל: פלפל אדום,פלפל אדום,קטיף.,1.0,1קילוגרם,קילוגרם,1,8.9,8.9,,,,,8.9,,1,PriceFull7290027600007-002-290-20260916-030000.gz,PromoFull7290027600007-002-290-20260916-030000.gz
2026-09-16,shufersal,290,7290018619308,120042,ירקות טריים,fv,תפוחי אדמה: תפוח אדמה אגו שף,תפוח אדמה אגו שף,גידולי אגו,1.0,1קילוגרם,קילוגרם,1,8.9,8.9,,,,,8.9,,1,PriceFull7290027600007-002-290-20260916-030000.gz,PromoFull7290027600007-002-290-20260916-030000.gz
2026-09-16,shufersal,290,7290000994888,120043,פירות טריים,fv,אבטיח: אבטיח אורגני במשקל,אבטיח אורגני במשקל,כללי,1.0,1קילוגרם,קילוגרם,1,8.9,8.9,,,,,8.9,,1,PriceFull7290027600007-002-290-20260916-030000.gz,PromoFull7290027600007-002-290-20260916-030000.gz
2026-09-16,shufersal,290,7290000964775,120043,פירות טריים,fv,בננות: בננה,בננה,קטיף.,1.0,1קילוגרם,קילוגרם,1,11.9,11.9,,,,,11.9,,1,PriceFull7290027600007-002-290-20260916-030000.gz,PromoFull7290027600007-002-290-20260916-030000.gz
2026-09-16,shufersal,290,7290000965055,120043,פירות טריים,fv,מלון: מלון מובחר,מלון מובחר,קטיף.,1.0,1קילוגרם,קילוגרם,1,4.9,4.9,,,,,4.9,,1,PriceFull7290027600007-002-290-20260916-030000.gz,PromoFull7290027600007-002-290-20260916-030000.gz
2026-09-16,shufersal,290,726529983456,120043,פירות טריים,fv,ענבים: ענבים ירוקים,ענבים ירוקים,קטיף.,1.0,1קילוגרם,קילוגרם,1,19.9,19.9,,,,,19.9,,1,PriceFull7290027600007-002-290-20260916-030000.gz,PromoFull7290027600007-002-290-20260916-030000.gz
2026-09-16,shufersal,290,7290000964508,120043,פירות טריים,fv,תפוזים: תפוז,תפוז,קטיף.,1.0,1קילוגרם,קילוגרם,1,8.9,8.9,,,,,8.9,,1,PriceFull7290027600007-002-290-20260916-030000.gz,PromoFull7290027600007-002-290-20260916-030000.gz
2026-09-16,shufersal,290,7290000963518,120043,פירות טריים,fv,תפוחים: תפוח עץ סמיט 70,תפוח עץ סמיט 70,קטיף.,1.0,1קילוגרם,קילוגרם,1,12.9,12.9,,,,,12.9,,1,PriceFull7290027600007-002-290-20260916-030000.gz,PromoFull7290027600007-002-290-20260916-030000.gz
2026-09-16,ramilevy,55,7290020216953,120070,לחם,food,אנג'ל לחם PRO מלא פר,לחם פרו 500 גר,לא ידוע,500.0,100 גרם,גרם,0,21.9,4.38,,,,,21.9,,1,PriceFull7290058140886-001-055-20260916-061335.gz,PromoFull7290058140886-001-055-20260916-061423.gz
2026-09-16,ramilevy,55,7290018500361,120070,לחם,food,לחם אחיד פרוס 900 גרם,לחם אחיד פרוס אנג'ל,לא ידוע,900.0,100 גרם,גרם,0,8.3,0.92,,,,,8.3,,1,PriceFull7290058140886-001-055-20260916-061335.gz,PromoFull7290058140886-001-055-20260916-061423.gz
2026-09-16,ramilevy,55,7290002065555,120070,לחם,food,לחמניות בשקית 6*75 גרם,לחמניות אנג'ל 6 יחיד,אנג'ל,450.0,100 גרם,גרם,0,10.9,2.42,,,,,10.9,,1,PriceFull7290058140886-001-055-20260916-061335.gz,PromoFull7290058140886-001-055-20260916-061423.gz
2026-09-16,ramilevy,55,7290000074252,120080,"ביסקוויטים, עוגות וכדומה",food,אסם קרקר שומשום 250ג,קרקר שומשום אסם 250,אסם,250.0,100 גרם,גרם,0,7.9,3.16,,,,,7.9,,1,PriceFull7290058140886-001-055-20260916-061335.gz,PromoFull7290058140886-001-055-20260916-061423.gz
2026-09-16,ramilevy,55,7290115201727,120080,"ביסקוויטים, עוגות וכדומה",food,ביסלי חטיף בטעם בצל,ביסלי חטיף בטעם בצל,לא ידוע,200.0,100 גרם,גרם,0,6.5,3.25,,,,,6.5,,1,PriceFull7290058140886-001-055-20260916-061335.gz,PromoFull7290058140886-001-055-20260916-061423.gz
2026-09-16,ramilevy,55,7290000074245,120080,"ביסקוויטים, עוגות וכדומה",food,קרם קרקר אסם 250 גרם,קרם קרקר אסם 250 גרם,אסם,250.0,100 גרם,גרם,0,7.8,3.12,,,,,7.8,,1,PriceFull7290058140886-001-055-20260916-061335.gz,PromoFull7290058140886-001-055-20260916-061423.gz
2026-09-16,ramilevy,55,7297488098183,120090,קמח,food,קמח אורז ללא גלוטן 500 ג,קמח אורז 500 גרם דגש,דגש,500.0,100 גרם,גרם,0,11.9,2.38,,,,,11.9,,1,PriceFull7290058140886-001-055-20260916-061335.gz,PromoFull7290058140886-001-055-20260916-061423.gz
2026-09-16,ramilevy,55,7297488098305,120090,קמח,food,קמח שקדים דגש 250 גרם,קמח שקדים 250 גרם דג,דגש,250.0,100 גרם,גרם,0,24.9,9.96,,,,,24.9,,1,PriceFull7290058140886-001-055-20260916-061335.gz,PromoFull7290058140886-001-055-20260916-061423.gz
2026-09-16,ramilevy,55,7290100702383,120090,קמח,food,"קמח תופח סוגת 1 ק""ג","קמח תופח 1 ק""ג סוגת",שטיבל,1.0,קילוגרם,ליטר,0,7.9,7.9,,,,,7.9,,1,PriceFull7290058140886-001-055-20260916-061335.gz,PromoFull7290058140886-001-055-20260916-061423.gz
2026-09-16,ramilevy,55,7290000060163,120100,מוצרי בצק,food,אטריות דקות אסם 400,אטריות דקות אסם 400,אסם,400.0,100 גרם,גרם,0,5.8,1.45,,,,,5.8,,1,PriceFull7290058140886-001-055-20260916-061335.gz,PromoFull7290058140886-001-055-20260916-061423.gz
2026-09-16,ramilevy,55,7290000060965,120100,מוצרי בצק,food,אטריות רחבות אסם 400,אטריות רחבות 400 גרם,אסם,400.0,100 גרם,גרם,0,5.8,1.45,,,,,5.8,,1,PriceFull7290058140886-001-055-20260916-061335.gz,PromoFull7290058140886-001-055-20260916-061423.gz
2026-09-16,ramilevy,55,7290100702260,120100,מוצרי בצק,food,קוסקוס דק סוגת 350 ג,קוסקוס דק 350 גרם סו,אסיף,350.0,100 גרם,גרם,0,5.0,1.43,,,,,5.0,,1,PriceFull7290058140886-001-055-20260916-061335.gz,PromoFull7290058140886-001-055-20260916-061423.gz
2026-09-16,ramilevy,55,7290100704691,120110,קטניות ומוצרי דגן,food,אורז אדום 500ג סוגת,אורז אדום 500גר,לא ידוע,500.0,100 גרם,גרם,0,9.0,1.8,,,,,9.0,,1,PriceFull7290058140886-001-055-20260916-061335.gz,PromoFull7290058140886-001-055-20260916-061423.gz
2026-09-16,ramilevy,55,7290000211985,120110,קטניות ומוצרי דגן,food,אורז עגול ריזוטו 1 ק,אורז עגול ריזוטו 1 ק,סוגת,1.0,קילוגרם,ליטר,0,11.9,11.9,,,,,11.9,,1,PriceFull7290058140886-001-055-20260916-061335.gz,PromoFull7290058140886-001-055-20260916-061423.gz
2026-09-16,ramilevy,55,7290100700587,120110,קטניות ומוצרי דגן,food,בורגול 500 גרם סוגת,בורגול 500 גרם סוגת,סוגת,500.0,100 גרם,גרם,0,5.9,1.18,,,,,5.9,,1,PriceFull7290058140886-001-055-20260916-061335.gz,PromoFull7290058140886-001-055-20260916-061423.gz
2026-09-16,ramilevy,55,7290109581651,120140,בשר בקר,food,אסאדו מפורק 240 גרם זוגלובק,מאדאם פרז אסאדו מפור,לא ידוע,240.0,100 גרם,גרם,0,34.9,14.54,,,,,34.9,,1,PriceFull7290058140886-001-055-20260916-061335.gz,PromoFull7290058140886-001-055-20260916-061423.gz
2026-09-16,ramilevy,55,7290004011819,120140,בשר בקר,food,בורגר אנטריקוט360 אלגאצו,המבורגר ריב אנטריקוט,טיבון ויל,360.0,100 גרם,גרם,0,21.9,6.08,,,,,21.9,,1,PriceFull7290058140886-001-055-20260916-061335.gz,PromoFull7290058140886-001-055-20260916-061423.gz
2026-09-16,ramilevy,55,7290002453697,120140,בשר בקר,food,קבב אנטריקוט קצבים א,קבב אנטריקוט קצבים ע,לא ידוע,400.0,100 גרם,גרם,0,28.9,7.22,,,,,28.9,,1,PriceFull7290058140886-001-055-20260916-061335.gz,PromoFull7290058140886-001-055-20260916-061423.gz
2026-09-16,ramilevy,55,7290019205920,120160,עופות,food,צונגו פנקו שניצל עוף טו,שניצל צ'נגו שומשום ע,לא ידוע,600.0,100 גרם,גרם,0,37.9,6.32,,,,,37.9,,1,PriceFull7290058140886-001-055-20260916-061335.gz,PromoFull7290058140886-001-055-20260916-061423.gz
2026-09-16,ramilevy,55,7290008409582,120160,עופות,food,שניצל עוף אמיתי ביתי 700 גרם,שניצל עוף אמיתי בציפ,מאמא עוף,700.0,100 גרם,גרם,0,44.9,6.41,,,,,44.9,,1,PriceFull7290058140886-001-055-20260916-061335.gz,PromoFull7290058140886-001-055-20260916-061423.gz
2026-09-16,ramilevy,55,7290008409551,120160,עופות,food,שניצל עוף אמיתי בציפוי מעודן-700 גרם,שניצל עוף בציפוי מעו,מאמא עוף,700.0,100 גרם,גרם,0,44.9,6.41,,,,,44.9,,1,PriceFull7290058140886-001-055-20260916-061335.gz,PromoFull7290058140886-001-055-20260916-061423.gz
2026-09-16,ramilevy,55,7290012228278,120170,בשר משומר ומעובד,food,נקניקיות הודו בקר ריינהולדס 310 גרם,נקניקיות בוקוורסט הו,לא ידוע,310.0,100 גרם,גרם,0,21.9,7.06,,,,,21.9,,1,PriceFull7290058140886-001-055-20260916-061335.gz,PromoFull7290058140886-001-055-20260916-061423.gz
2026-09-16,ramilevy,55,7290000537603,120170,בשר משומר ומעובד,food,נקניקיות עוף1ק זוגלובק,נקניקיות עוף זוגלובק,זוגלובק,1.0,קילוגרם,ליטר,0,25.9,25.9,,,,,25.9,,1,PriceFull7290058140886-001-055-20260916-061335.gz,PromoFull7290058140886-001-055-20260916-061423.gz
2026-09-16,ramilevy,55,7290109580050,120170,בשר משומר ומעובד,food,נקניקיות צוריסוס wonders 226 גר,וונדרס צ'וריסוס 2.0,לא ידוע,226.0,100 גרם,גרם,0,26.9,11.9,,,,,26.9,,1,PriceFull7290058140886-001-055-20260916-061335.gz,PromoFull7290058140886-001-055-20260916-061423.gz
2026-09-16,ramilevy,55,7290003069590,120180,דגים,food,פילה דג סול (פוטית) קפוא,פילה סול דלידג 1 קיל,דלידג,1.0,קילוגרם,ליטר,0,34.9,34.9,,,,,34.9,,1,PriceFull7290058140886-001-055-20260916-061335.gz,PromoFull7290058140886-001-055-20260916-061423.gz
2026-09-16,ramilevy,55,7290000664026,120180,דגים,food,קציצות דג אמנון מוקפא 450 גרם,קציצות דג אמנון 450,לא ידוע,450.0,100 גרם,גרם,0,33.9,7.53,,,,,33.9,,1,PriceFull7290058140886-001-055-20260916-061335.gz,PromoFull7290058140886-001-055-20260916-061423.gz
2026-09-16,ramilevy,55,7290015039246,120190,שימורי דגים ודגים מעובדים,food,רביעית טונה בהירה בשמן וילי פוד 4*160 גר,טונה בשמן רביעייה 11,וילי פוד,448.0,100 גרם,גרם,0,22.9,5.11,,,,,22.9,,1,PriceFull7290058140886-001-055-20260916-061335.gz,PromoFull7290058140886-001-055-20260916-061423.gz
2026-09-16,ramilevy,55,7290015039338,120190,שימורי דגים ודגים מעובדים,food,רביעית טונה במי מלח וילי פוד 4*160 גר,נתחי טונה בהירה במי,וילי פוד,448.0,100 גרם,גרם,0,22.9,5.11,,,,,22.9,,1,PriceFull7290058140886-001-055-20260916-061335.gz,PromoFull7290058140886-001-055-20260916-061423.gz
2026-09-16,ramilevy,55,8004030344938,120190,שימורי דגים ודגים מעובדים,food,שלישיית טונה ריו מרה 3*80 גרם,ריו מרה טונה בשמן זי,ריו,168.0,100 גרם,גרם,0,28.8,17.14,,,,,28.8,,1,PriceFull7290058140886-001-055-20260916-061335.gz,PromoFull7290058140886-001-055-20260916-061423.gz
2026-09-16,ramilevy,55,64144090020,120210,שמנים,food,"ספריי שמן PAM בטעם שמן זית 141 מ""ל",פאם - שמן זית,פאם,141.0,100 מיליליטר,מיליליטר,0,16.9,11.99,,,,,16.9,,1,PriceFull7290058140886-001-055-20260916-061335.gz,PromoFull7290058140886-001-055-20260916-061423.gz
2026-09-16,ramilevy,55,8007270999012,120210,שמנים,food,שמן גרעיני ענבים דורו 1ל,שמן גרעיני ענבים 1ל,לא ידוע,1.0,ליטר,לא ידוע,0,45.3,45.3,,,,,45.3,,1,PriceFull7290058140886-001-055-20260916-061335.gz,PromoFull7290058140886-001-055-20260916-061423.gz
2026-09-16,ramilevy,55,7290002692393,120210,שמנים,food,שמן קנולה עץ הזית 1 ל מועשר,שמן קנולה מזוכך מועש,עץ הזית,1.0,ליטר,לא ידוע,0,14.9,14.9,,,,,14.9,,1,PriceFull7290058140886-001-055-20260916-061335.gz,PromoFull7290058140886-001-055-20260916-061423.gz
2026-09-16,ramilevy,55,7290000453897,120220,מרגרינה,food,מרגרינה בטעם חמאה שמרית 200 גר,מרגרינה בטעם חמאה 20,פאקא תעשיות,200.0,100 גרם,גרם,0,4.6,2.3,,,,,4.6,,1,PriceFull7290058140886-001-055-20260916-061335.gz,PromoFull7290058140886-001-055-20260916-061423.gz
2026-09-16,ramilevy,55,8719200998018,120220,מרגרינה,food,מרגרינה בטעם חמאה200גרם,מרגרינה מחמאה 200 גר,לא ידוע,200.0,100 גרם,גרם,0,6.1,3.05,,,,,6.1,,1,PriceFull7290058140886-001-055-20260916-061335.gz,PromoFull7290058140886-001-055-20260916-061423.gz
2026-09-16,ramilevy,55,7290000453880,120220,מרגרינה,food,מרגרינה ללא מלח לאפיה ובישול שמרית 200גר,"מרגרינה לל""ת מלח לאפ",לא ידוע,200.0,100 גרם,גרם,0,4.6,2.3,,,,,4.6,,1,PriceFull7290058140886-001-055-20260916-061335.gz,PromoFull7290058140886-001-055-20260916-061423.gz
2026-09-16,ramilevy,55,7290000040974,120240,חלב,food,חלב טרי 2% דל לקטוז 1 ל,חלב טרי דל לקטוז 2%,תנובה,1.0,ליטר,לא ידוע,0,7.2,7.2,,,,,7.2,,1,PriceFull7290058140886-001-055-20260916-061335.gz,PromoFull7290058140886-001-055-20260916-061423.gz
2026-09-16,ramilevy,55,7290003029815,120240,חלב,food,חלב יטבתה 3% מועשר 2 ליטר,חלב מועשר 2 ל 3% מהד,יטבתה,2.0,ליטר,לא ידוע,0,16.9,8.45,,,,,16.9,,1,PriceFull7290058140886-001-055-20260916-061335.gz,PromoFull7290058140886-001-055-20260916-061423.gz
2026-09-16,ramilevy,55,7290000051352,120240,חלב,food,חלב מלא 3.8% 1ליטר תנובה,חלב תנובה מלא בטעם ש,תנובה,1.0,ליטר,לא ידוע,0,8.8,8.8,,,,,8.8,,1,PriceFull7290058140886-001-055-20260916-061335.gz,PromoFull7290058140886-001-055-20260916-061423.gz
2026-09-16,ramilevy,55,7290006664532,120250,"לבן, יוגורט ומעדני חלב",food,"דנונה תות 3% 150 מ""ל",יוגורט דנונה תות 3%,שטראוס,150.0,100 מיליליטר,מיליליטר,0,3.7,2.47,,,,,3.7,,1,PriceFull7290058140886-001-055-20260916-061335.gz,PromoFull7290058140886-001-055-20260916-061423.gz
2026-09-16,ramilevy,55,7290000043944,120250,"לבן, יוגורט ומעדני חלב",food,יוגורט כדים תנובה 1.,יוגורט תנובה כד 4% ש,תנובה,1.5,ליטר,לא ידוע,0,19.9,13.27,,,,,19.9,,1,PriceFull7290058140886-001-055-20260916-061335.gz,PromoFull7290058140886-001-055-20260916-061423.gz
2026-09-16,ramilevy,55,7290000554402,120250,"לבן, יוגורט ומעדני חלב",food,מעדן חלב מלבי גד 160,מעדן חלב מלבי גד 160,מחלבות גד,160.0,100 מיליליטר,מיליליטר,0,6.2,3.88,,,,,6.2,,1,PriceFull7290058140886-001-055-20260916-061335.gz,PromoFull7290058140886-001-055-20260916-061423.gz
2026-09-16,ramilevy,55,7290106520912,120260,שמנת,food,"שמנת לבישול 9% 250 מ""ל",שמנת לבישול 9% 250 מ,יטבתה,250.0,100 מיליליטר,מיליליטר,0,8.0,3.2,,,,,8.0,,1,PriceFull7290058140886-001-055-20260916-061335.gz,PromoFull7290058140886-001-055-20260916-061423.gz
2026-09-16,ramilevy,55,7290000058047,120260,שמנת,food,שמנת להקצפה38% תנובה500מ,שמנת להקצפה השף הלבן,תנובה,500.0,100 מיליליטר,מיליליטר,0,14.9,2.98,,,,,14.9,,1,PriceFull7290058140886-001-055-20260916-061335.gz,PromoFull7290058140886-001-055-20260916-061423.gz
2026-09-16,ramilevy,55,7290104728310,120260,שמנת,food,"שמנת עמידה לקצפת 38% 250 מ""ל",שמנת להקצפה 38% 250,יטבתה,250.0,100 מיליליטר,מיליליטר,0,7.4,2.96,,,,,7.4,,1,PriceFull7290058140886-001-055-20260916-061335.gz,PromoFull7290058140886-001-055-20260916-061423.gz
2026-09-16,ramilevy,55,7290008175173,120270,חמאה,food,"חמאה לל""ת מלח200ג ואליו",חמאה מפינלנד 200 ג ל,לורפק,200.0,100 גרם,גרם,0,16.9,8.45,,,,,16.9,,1,PriceFull7290058140886-001-055-20260916-061335.gz,PromoFull7290058140886-001-055-20260916-061423.gz
2026-09-16,ramilevy,55,7290116932033,120270,חמאה,food,חמאה מהדרין 200ג תנובה,חמאה תנובה 200 גרם מ,לא ידוע,200.0,100 גרם,גרם,0,8.9,4.45,,,,,8.9,,1,PriceFull7290058140886-001-055-20260916-061335.gz,PromoFull7290058140886-001-055-20260916-061423.gz
2026-09-16,ramilevy,55,8719200998032,120270,חמאה,food,מזולה בטעם חמאה 250 גרם,מרגרינה מזולה 250 גר,לא ידוע,250.0,100 גרם,גרם,0,9.3,3.72,,,,,9.3,,1,PriceFull7290058140886-001-055-20260916-061335.gz,PromoFull7290058140886-001-055-20260916-061423.gz
2026-09-16,ramilevy,55,7290006492432,120280,גבינה,food,** גד בייבי מוצרלה 1,גבינת מוצרלה בייבי 1,מחלבות גד,150.0,100 גרם,גרם,0,15.5,10.33,,,,,15.5,,1,PriceFull7290058140886-001-055-20260916-061335.gz,PromoFull7290058140886-001-055-20260916-061423.gz
2026-09-16,ramilevy,55,7290114310918,120280,גבינה,food,קוטג טרה 5% ווסטהיים,קוטג 5% 250 גר,לא ידוע,250.0,100 גרם,גרם,0,6.2,2.48,,,,,6.2,,1,PriceFull7290058140886-001-055-20260916-061335.gz,PromoFull7290058140886-001-055-20260916-061423.gz
2026-09-16,ramilevy,55,7290108504279,120280,גבינה,food,קשקבל צ'אנק 150 גר'.,קשקבל צ'אנק 150 גר,לא ידוע,150.0,100 גרם,גרם,0,19.9,13.27,,,,,19.9,,1,PriceFull7290058140886-001-055-20260916-061335.gz,PromoFull7290058140886-001-055-20260916-061423.gz
2026-09-16,ramilevy,55,7290004554354,120285,גלידות,food,"גלידה פנטסיה 900 מ""ל שוקו וניל",פנטסיה שוקו וניל 900,השוואת מחירונים,900.0,100 מיליליטר,מיליליטר,0,23.9,2.66,,,,,23.9,,1,PriceFull7290058140886-001-055-20260916-061335.gz,PromoFull7290058140886-001-055-20260916-061423.gz
2026-09-16,ramilevy,55,7290006681003,120285,גלידות,food,גלידה קרמיסימו סרבט תות לימון 650 גרם,קרמיסימו תות לימון ס,קרמיסימו,1.33,ליטר,לא ידוע,0,22.9,17.22,,,,,22.9,,1,PriceFull7290058140886-001-055-20260916-061335.gz,PromoFull7290058140886-001-055-20260916-061423.gz
2026-09-16,ramilevy,55,7290101114338,120285,גלידות,food,מאגדת חמישיה שלגון וניל עם ש. פיסטוק 99,מאגדת 5 שלגון וניל ו,לא ידוע,200.0,100 גרם,גרם,0,25.9,12.95,,,,,25.9,,1,PriceFull7290058140886-001-055-20260916-061335.gz,PromoFull7290058140886-001-055-20260916-061423.gz
2026-09-16,ramilevy,55,7290000068138,120300,"תבלינים, רטבים, מוצרים לעוגה ומזון לתינוקות",food,אינסטנט פודינג וניל 80גר,אינסטנט פודינג בטעם,אסם,80.0,100 גרם,גרם,0,4.9,6.13,,,,,4.9,,1,PriceFull7290058140886-001-055-20260916-061335.gz,PromoFull7290058140886-001-055-20260916-061423.gz
2026-09-16,ramilevy,55,7290000209012,120300,"תבלינים, רטבים, מוצרים לעוגה ומזון לתינוקות",food,חומץ הדרים 5% יכין 1,חומץ 5% 1 ליטר יכין,יכין,1.0,ליטר,לא ידוע,0,5.9,5.9,,,,,5.9,,1,PriceFull7290058140886-001-055-20260916-061335.gz,PromoFull7290058140886-001-055-20260916-061423.gz
2026-09-16,ramilevy,55,7290000111360,120300,"תבלינים, רטבים, מוצרים לעוגה ומזון לתינוקות",food,חרדל אמיתי תלמה 250 גרם,חרדל תלמה 250 גרם,תלמה,250.0,100 גרם,גרם,0,5.9,2.36,,,,,5.9,,1,PriceFull7290058140886-001-055-20260916-061335.gz,PromoFull7290058140886-001-055-20260916-061423.gz
2026-09-16,ramilevy,55,7290006251589,120310,תה,food,תה ירוק נענע באריזה 50 יח,תה ירוק נענע ויסוצקי,ויסוצקי,75.0,100 גרם,גרם,0,38.9,51.87,,,,,38.9,,1,PriceFull7290058140886-001-055-20260916-061335.gz,PromoFull7290058140886-001-055-20260916-061423.gz
2026-09-16,ramilevy,55,7290006251107,120310,תה,food,תה מסאלה צאי 25שק*2גרם,תה צ'אי מסאלה ויסוצק,ויסוצקי,50.0,100 גרם,גרם,0,18.9,37.8,,,,,18.9,,1,PriceFull7290058140886-001-055-20260916-061335.gz,PromoFull7290058140886-001-055-20260916-061423.gz
2026-09-16,ramilevy,55,7290000345536,120310,תה,food,תה נענע 25 שקיקים 1.5 גרם,תה נענע ויסוצקי 25 י,ויסוצקי,37.5,100 גרם,גרם,0,15.9,42.4,,,,,15.9,,1,PriceFull7290058140886-001-055-20260916-061335.gz,PromoFull7290058140886-001-055-20260916-061423.gz
2026-09-16,ramilevy,55,7290000176420,120320,קפה,food,** קפה נמס עלית פחית,קפה נמס 200 גרם עלית,עלית,200.0,100 גרם,גרם,0,24.9,12.45,,,,,24.9,,1,PriceFull7290058140886-001-055-20260916-061335.gz,PromoFull7290058140886-001-055-20260916-061423.gz
2026-09-16,ramilevy,55,7290000176413,120320,קפה,food,קפה נמס עלית 50 גרם,קפה נמס 50 גרם,עלית,50.0,100 גרם,גרם,0,11.9,23.8,,,,,11.9,,1,PriceFull7290058140886-001-055-20260916-061335.gz,PromoFull7290058140886-001-055-20260916-061423.gz
2026-09-16,ramilevy,55,7290119384044,120320,קפה,food,קפה נמס עלית צ'יקו 1,צ'יקו 100ג בצנצנת,לא ידוע,100.0,100 גרם,גרם,0,18.9,18.9,,,,,18.9,,1,PriceFull7290058140886-001-055-20260916-061335.gz,PromoFull7290058140886-001-055-20260916-061423.gz
2026-09-16,ramilevy,55,7290003029792,120330,קקאו,food,שוקו בשקית8*225מ יטבתה,שוקו בשקית יטבתה 8 י,יטבתה,8.0,יחידות,קילוגרם,0,21.2,2.65,,,,,21.2,,1,PriceFull7290058140886-001-055-20260916-061335.gz,PromoFull7290058140886-001-055-20260916-061423.gz
2026-09-16,ramilevy,55,7290102398560,120330,קקאו,food,"שוקו ללת""ס בקבוק1ל טרה",שוקו מועשר בבקבוק 1,לא ידוע,1.0,ליטר,לא ידוע,0,13.2,13.2,,,,,13.2,,1,PriceFull7290058140886-001-055-20260916-061335.gz,PromoFull7290058140886-001-055-20260916-061423.gz
2026-09-16,ramilevy,55,7290010116980,120330,קקאו,food,שוקולית בשקית850ג עלית,שוקולית 850 גרם,עלית,850.0,100 גרם,גרם,0,17.9,2.11,,,,,17.9,,1,PriceFull7290058140886-001-055-20260916-061335.gz,PromoFull7290058140886-001-055-20260916-061423.gz
2026-09-16,ramilevy,55,7290000136158,120350,משקאות קלים,food,פפסי מקס 1.5 ליטר.,פפסי זירו 1.5 ליטר,לא ידוע,1.5,ליטר,לא ידוע,0,6.2,4.13,,,,,6.2,,1,PriceFull7290058140886-001-055-20260916-061335.gz,PromoFull7290058140886-001-055-20260916-061423.gz
2026-09-16,ramilevy,55,7290013585394,120350,משקאות קלים,food,קוקה קולה 1ליטר בודד,קוקה קולה 1ליטר בודד,קוקה קולה,1.0,ליטר,לא ידוע,0,6.5,6.5,,,,,6.5,,1,PriceFull7290058140886-001-055-20260916-061335.gz,PromoFull7290058140886-001-055-20260916-061423.gz
2026-09-16,ramilevy,55,7290110115364,120350,משקאות קלים,food,קוקה קולה 6*1.5 ליטר,קוקה קולה משקה קולה,לא ידוע,9.0,ליטר,לא ידוע,0,45.9,5.1,,,,,45.9,,1,PriceFull7290058140886-001-055-20260916-061335.gz,PromoFull7290058140886-001-055-20260916-061423.gz
2026-09-16,ramilevy,55,7290001594575,120360,משקאות אלכוהולים,food,"בירה טובורג פחית 500 מ""ל",בירה טובורג בפחית 50,טובורג,500.0,100 מיליליטר,מיליליטר,0,8.9,1.78,,,,,8.9,,1,PriceFull7290058140886-001-055-20260916-061335.gz,PromoFull7290058140886-001-055-20260916-061423.gz
2026-09-16,ramilevy,55,7290008464475,120360,משקאות אלכוהולים,food,"בירה מכבי פחית 500 מ""ל",בירה מכבי 500 פחית,טמפו,500.0,100 מיליליטר,מיליליטר,0,7.5,1.5,,,,,7.5,,1,PriceFull7290058140886-001-055-20260916-061335.gz,PromoFull7290058140886-001-055-20260916-061423.gz
2026-09-16,ramilevy,55,7290001594568,120360,משקאות אלכוהולים,food,"בירה קרלסברג בפחית500מ""ל",בירה בפחית קרלסברג 5,קוקה קולה,500.0,100 מיליליטר,מיליליטר,0,8.9,1.78,,,,,8.9,,1,PriceFull7290058140886-001-055-20260916-061335.gz,PromoFull7290058140886-001-055-20260916-061423.gz
2026-09-16,ramilevy,55,7290018249802,120380,סוכר ותחליפיו,food,ממתיק סוויטאנגו 280 גר,ממתיק סוויטנגו 280 ג,לא ידוע,280.0,100 גרם,גרם,0,26.9,9.61,,,,,26.9,,1,PriceFull7290058140886-001-055-20260916-061335.gz,PromoFull7290058140886-001-055-20260916-061423.gz
2026-09-16,ramilevy,55,7290001990148,120380,סוכר ותחליפיו,food,סוכר גולדן קלאסי צנצנת 1 קג,סוכר גולדן קלאסי סוג,סוגת,1.0,קילוגרם,ליטר,0,14.9,14.9,,,,,14.9,,1,PriceFull7290058140886-001-055-20260916-061335.gz,PromoFull7290058140886-001-055-20260916-061423.gz
2026-09-16,ramilevy,55,7290000504278,120380,סוכר ותחליפיו,food,סוכרזית פטנט 700 טבליות,ממתיק סוכרזית 700 טב,סוכרזית,574.0,100 גרם,גרם,0,14.9,2.6,,,,,14.9,,1,PriceFull7290058140886-001-055-20260916-061335.gz,PromoFull7290058140886-001-055-20260916-061423.gz
2026-09-16,ramilevy,55,7290113190375,120390,"ריבה, דבש וכדומה",food,סילאן טבעי ללא סוכר720גר,סילאן טבעי שקדיה 720,לא ידוע,720.0,100 גרם,גרם,0,17.9,2.49,,,,,17.9,,1,PriceFull7290058140886-001-055-20260916-061335.gz,PromoFull7290058140886-001-055-20260916-061423.gz
2026-09-16,ramilevy,55,7290113190863,120390,"ריבה, דבש וכדומה",food,סילאן שקדיה 100% טבעי385,שקדיה סילאן לחיץ טבע,לא ידוע,400.0,100 גרם,גרם,0,11.9,2.98,,,,,11.9,,1,PriceFull7290058140886-001-055-20260916-061335.gz,PromoFull7290058140886-001-055-20260916-061423.gz
2026-09-16,ramilevy,55,7290112197597,120390,"ריבה, דבש וכדומה",food,ריבת פירות יער טרו 250 גר,טרו ריבת פירות יער 2,לא ידוע,250.0,100 גרם,גרם,0,15.9,6.36,,,,,15.9,,1,PriceFull7290058140886-001-055-20260916-061335.gz,PromoFull7290058140886-001-055-20260916-061423.gz
2026-09-16,ramilevy,55,7290000178103,120400,ממתקים ושוקולד,food,שוקולד חלב פרה 100*4 גרם,מאגדת רביעיית שוקולד,עלית,400.0,100 גרם,גרם,0,26.9,6.72,,,,,26.9,,1,PriceFull7290058140886-001-055-20260916-061335.gz,PromoFull7290058140886-001-055-20260916-061423.gz
2026-09-16,ramilevy,55,7622202265648,120400,ממתקים ושוקולד,food,שוקולד לבן מילקה 90 גרם,מילקה שוקולד לבן 90,לא ידוע,1.0,יחידות,קילוגרם,0,7.9,7.9,,,,,7.9,,1,PriceFull7290058140886-001-055-20260916-061335.gz,PromoFull7290058140886-001-055-20260916-061423.gz
2026-09-16,ramilevy,55,7290112348548,120400,ממתקים ושוקולד,food,שוקולד פרה לבן 100 גרם,שוקולד לבן מעולה פרה,לא ידוע,100.0,100 גרם,גרם,0,8.5,8.5,,,,,8.5,,1,PriceFull7290058140886-001-055-20260916-061335.gz,PromoFull7290058140886-001-055-20260916-061423.gz
2026-09-16,ramilevy,55,7290119373925,150315,סלטים מוכנים,food,מטבוחה חריפה אש 250 גרם,סלט מטבוחה חריפה אש,לא ידוע,500.0,100 גרם,גרם,0,9.9,1.98,,,,,9.9,,1,PriceFull7290058140886-001-055-20260916-061335.gz,PromoFull7290058140886-001-055-20260916-061423.gz
2026-09-16,ramilevy,55,7290107958639,150315,סלטים מוכנים,food,מטבוחה מרוקאית חריפה אחלה 400 גר,מטבוחה מרוקאית חריפה,לא ידוע,400.0,100 גרם,גרם,0,14.9,3.73,,,,,14.9,,1,PriceFull7290058140886-001-055-20260916-061335.gz,PromoFull7290058140886-001-055-20260916-061423.gz
2026-09-16,ramilevy,55,7290010931330,150315,סלטים מוכנים,food,סלט מטבוחה אחלה 500,סלט מטבוחה אחלה 500,אחלה,500.0,100 גרם,גרם,0,14.9,2.98,,,,,14.9,,1,PriceFull7290058140886-001-055-20260916-061335.gz,PromoFull7290058140886-001-055-20260916-061423.gz
2026-09-16,ramilevy,55,7290000000289,120042,ירקות טריים,fv,בצל יבש: בצל אדום,בצל אדום,ביכורי השקמה,1.0,קילוגרם,ליטר,1,5.9,5.9,,,,,5.9,,1,PriceFull7290058140886-001-055-20260916-061335.gz,PromoFull7290058140886-001-055-20260916-061423.gz
2026-09-16,ramilevy,55,7290000001102,120042,ירקות טריים,fv,גזר: גזר,גזר,ביכורי השקמה,1.0,קילוגרם,ליטר,1,5.0,5.0,,,,,5.0,,1,PriceFull7290058140886-001-055-20260916-061335.gz,PromoFull7290058140886-001-055-20260916-061423.gz
2026-09-16,ramilevy,55,7290000000101,120042,ירקות טריים,fv,מלפפונים: מלפפון,מלפפון,ביכורי השקמה,1.0,קילוגרם,ליטר,1,6.9,6.9,,,,,6.9,,1,PriceFull7290058140886-001-055-20260916-061335.gz,PromoFull7290058140886-001-055-20260916-061423.gz
2026-09-16,ramilevy,55,7290000000641,120042,ירקות טריים,fv,עגבניות: עגבניות מגי,עגבניות מגי,לא ידוע,1.0,קילוגרם,ליטר,1,13.9,13.9,,,,,13.9,,1,PriceFull7290058140886-001-055-20260916-061335.gz,PromoFull7290058140886-001-055-20260916-061423.gz
2026-09-16,ramilevy,55,7290000000104,120042,ירקות טריים,fv,פלפל: פלפל אדום,פלפל אדום,ביכורי השקמה,1.0,קילוגרם,ליטר,1,8.9,8.9,,,,,8.9,,1,PriceFull7290058140886-001-055-20260916-061335.gz,PromoFull7290058140886-001-055-20260916-061423.gz
2026-09-16,ramilevy,55,7290000000541,120042,ירקות טריים,fv,"תפוחי אדמה: תפו""א","תפו""א",לא ידוע,1.0,קילוגרם,ליטר,1,6.9,6.9,,,,,6.9,,1,PriceFull7290058140886-001-055-20260916-061335.gz,PromoFull7290058140886-001-055-20260916-061423.gz
2026-09-16,ramilevy,55,7290000000169,120043,פירות טריים,fv,אבטיח: אבטיח,אבטיח,ביכורי השקמה,1.0,קילוגרם,ליטר,1,3.3,3.3,,,,,3.3,,1,PriceFull7290058140886-001-055-20260916-061335.gz,PromoFull7290058140886-001-055-20260916-061423.gz
2026-09-16,ramilevy,55,7290000000134,120043,פירות טריים,fv,בננות: בננה,בננה,ביכורי השקמה,1.0,קילוגרם,ליטר,1,8.9,8.9,,,,,8.9,,1,PriceFull7290058140886-001-055-20260916-061335.gz,PromoFull7290058140886-001-055-20260916-061423.gz
2026-09-16,ramilevy,55,7290000000140,120043,פירות טריים,fv,מלון: מלון,מלון,ביכורי השקמה,1.0,קילוגרם,ליטר,1,3.9,3.9,,,,,3.9,,1,PriceFull7290058140886-001-055-20260916-061335.gz,PromoFull7290058140886-001-055-20260916-061423.gz
2026-09-16,ramilevy,55,7290000000185,120043,פירות טריים,fv,ענבים: ענבים ירוקים,ענבים ירוקים,ביכורי השקמה,1.0,קילוגרם,ליטר,1,16.9,16.9,,,,,16.9,,1,PriceFull7290058140886-001-055-20260916-061335.gz,PromoFull7290058140886-001-055-20260916-061423.gz
2026-09-16,ramilevy,55,7290000000122,120043,פירות טריים,fv,תפוזים: תפוז,תפוז,ביכורי השקמה,1.0,קילוגרם,ליטר,1,7.9,7.9,,,,,7.9,,1,PriceFull7290058140886-001-055-20260916-061335.gz,PromoFull7290058140886-001-055-20260916-061423.gz
2026-09-16,ramilevy,55,7290000000295,120043,פירות טריים,fv,תפוחים: תפוח עץ אנה,תפוח עץ אנה,ביכורי השקמה,1.0,קילוגרם,ליטר,1,7.9,7.9,,,,,7.9,,1,PriceFull7290058140886-001-055-20260916-061335.gz,PromoFull7290058140886-001-055-20260916-061423.gz
2026-09-16,tivtaam,14,7290020216953,120070,לחם,food,אנג'ל לחם PRO מלא פר,לחם פרו אנגל 500 גרם,לא ידוע,500.0,100 גרם,גרם,0,22.9,4.58,,,,,22.9,,1,PriceFull7290873255550-000-014-20260916-003215.gz,PromoFull7290873255550-000-014-20260916-003215.gz
2026-09-16,tivtaam,14,7290018500361,120070,לחם,food,לחם אחיד פרוס 900 גרם,לחם שחור פרוס 900 גרם,לא ידוע,900.0,100 גרם,גרם,0,10.0,1.11,,,,,10.0,,1,PriceFull7290873255550-000-014-20260916-003215.gz,PromoFull7290873255550-000-014-20260916-003215.gz
2026-09-16,tivtaam,14,7290002065555,120070,לחם,food,לחמניות בשקית 6*75 גרם,6 לחמניות בשקית,לא ידוע,750.0,100 גרם,גרם,0,13.5,1.8,,,,,13.5,,1,PriceFull7290873255550-000-014-20260916-003215.gz,PromoFull7290873255550-000-014-20260916-003215.gz
2026-09-16,tivtaam,14,7290000074252,120080,"ביסקוויטים, עוגות וכדומה",food,אסם קרקר שומשום 250ג,קרקר שומשום 250 גרם,לא ידוע,250.0,100 גרם,גרם,0,11.2,4.48,,,,,11.2,,1,PriceFull7290873255550-000-014-20260916-003215.gz,PromoFull7290873255550-000-014-20260916-003215.gz
2026-09-16,tivtaam,14,7290115201727,120080,"ביסקוויטים, עוגות וכדומה",food,ביסלי חטיף בטעם בצל,ביסלי בצל 200 גרם,לא ידוע,200.0,100 גרם,גרם,0,7.9,3.95,,,,,7.9,,1,PriceFull7290873255550-000-014-20260916-003215.gz,PromoFull7290873255550-000-014-20260916-003215.gz
2026-09-16,tivtaam,14,7290000074245,120080,"ביסקוויטים, עוגות וכדומה",food,קרם קרקר אסם 250 גרם,קרם קרקר 250 גרם,לא ידוע,250.0,100 גרם,גרם,0,9.9,3.96,,,,,9.9,,1,PriceFull7290873255550-000-014-20260916-003215.gz,PromoFull7290873255550-000-014-20260916-003215.gz
2026-09-16,tivtaam,14,7297488098183,120090,קמח,food,קמח אורז ללא גלוטן 500 ג,קמח אורז דגש 500 גרם,לא ידוע,500.0,100 גרם,גרם,0,13.5,2.7,,,,,13.5,,1,PriceFull7290873255550-000-014-20260916-003215.gz,PromoFull7290873255550-000-014-20260916-003215.gz
2026-09-16,tivtaam,14,7297488098305,120090,קמח,food,קמח שקדים דגש 250 גרם,קמח שקדים דגש 250 גרם,לא ידוע,250.0,100 גרם,גרם,0,27.9,11.16,,,,,27.9,,1,PriceFull7290873255550-000-014-20260916-003215.gz,PromoFull7290873255550-000-014-20260916-003215.gz
2026-09-16,tivtaam,14,7290100702383,120090,קמח,food,"קמח תופח סוגת 1 ק""ג","קמח תופח 1 ק""ג סוגת",לא ידוע,1000.0,100 גרם,גרם,0,8.9,0.89,,,,,8.9,,1,PriceFull7290873255550-000-014-20260916-003215.gz,PromoFull7290873255550-000-014-20260916-003215.gz
2026-09-16,tivtaam,14,7290000060163,120100,מוצרי בצק,food,אטריות דקות אסם 400,אטריות דקות 400 גרם,לא ידוע,400.0,100 גרם,גרם,0,7.9,1.98,,,,,7.9,,1,PriceFull7290873255550-000-014-20260916-003215.gz,PromoFull7290873255550-000-014-20260916-003215.gz
2026-09-16,tivtaam,14,7290000060965,120100,מוצרי בצק,food,אטריות רחבות אסם 400,אטריות  רחבות 400 גרם,לא ידוע,400.0,100 גרם,גרם,0,7.9,1.98,,,,,7.9,,1,PriceFull7290873255550-000-014-20260916-003215.gz,PromoFull7290873255550-000-014-20260916-003215.gz
2026-09-16,tivtaam,14,7290100702260,120100,מוצרי בצק,food,קוסקוס דק סוגת 350 ג,קוסקוס דק 350 גרם,לא ידוע,350.0,100 גרם,גרם,0,6.5,1.86,,,,,6.5,,1,PriceFull7290873255550-000-014-20260916-003215.gz,PromoFull7290873255550-000-014-20260916-003215.gz
2026-09-16,tivtaam,14,7290100704691,120110,קטניות ומוצרי דגן,food,אורז אדום 500ג סוגת,אורז אדום 500 גרם,לא ידוע,500.0,100 גרם,גרם,0,11.5,2.3,,,,,11.5,,1,PriceFull7290873255550-000-014-20260916-003215.gz,PromoFull7290873255550-000-014-20260916-003215.gz
2026-09-16,tivtaam,14,7290000211985,120110,קטניות ומוצרי דגן,food,אורז עגול ריזוטו 1 ק,אורז עגול 1 קג,לא ידוע,1000.0,100 גרם,גרם,0,12.9,1.29,,,,,12.9,,1,PriceFull7290873255550-000-014-20260916-003215.gz,PromoFull7290873255550-000-014-20260916-003215.gz
2026-09-16,tivtaam,14,7290100700587,120110,קטניות ומוצרי דגן,food,בורגול 500 גרם סוגת,בורגול 500 גרם,לא ידוע,500.0,100 גרם,גרם,0,6.9,1.38,,,,,6.9,,1,PriceFull7290873255550-000-014-20260916-003215.gz,PromoFull7290873255550-000-014-20260916-003215.gz
2026-09-16,tivtaam,14,7290001201862,120120,ביצים,food,12 ביצים חופש L מ. ל,ביצי חופש 12 יח L,לא ידוע,1.0,יחידות,יחידות,0,24.9,24.9,,,,,24.9,,1,PriceFull7290873255550-000-014-20260916-003215.gz,PromoFull7290873255550-000-014-20260916-003215.gz
2026-09-16,tivtaam,14,7290001201886,120120,ביצים,food,12 ביצים חופש M מ.לס,ביצי חופש 12 יח M,לא ידוע,1.0,יחידות,יחידות,0,21.9,21.9,,,,,21.9,,1,PriceFull7290873255550-000-014-20260916-003215.gz,PromoFull7290873255550-000-014-20260916-003215.gz
2026-09-16,tivtaam,14,7290109581651,120140,בשר בקר,food,אסאדו מפורק 240 גרם זוגלובק,אסאדו מפורק  240 גרם זוגלובק,לא ידוע,240.0,100 גרם,גרם,0,38.9,16.21,,,,,38.9,,1,PriceFull7290873255550-000-014-20260916-003215.gz,PromoFull7290873255550-000-014-20260916-003215.gz
2026-09-16,tivtaam,14,7290004011819,120140,בשר בקר,food,בורגר אנטריקוט360 אלגאצו,המבורגר ריב אנט 360 גר,לא ידוע,360.0,100 גרם,גרם,0,26.9,7.47,,,,,26.9,,1,PriceFull7290873255550-000-014-20260916-003215.gz,PromoFull7290873255550-000-014-20260916-003215.gz
2026-09-16,tivtaam,14,7290019205920,120160,עופות,food,צונגו פנקו שניצל עוף טו,צונגו פנקו  600 גרם,לא ידוע,600.0,100 גרם,גרם,0,39.9,6.65,,,,,39.9,,1,PriceFull7290873255550-000-014-20260916-003215.gz,PromoFull7290873255550-000-014-20260916-003215.gz
2026-09-16,tivtaam,14,7290008409582,120160,עופות,food,שניצל עוף אמיתי ביתי 700 גרם,שניצל עוף אמיתי ביתי 700 גרם,לא ידוע,700.0,100 גרם,גרם,0,49.9,7.13,,,,,49.9,,1,PriceFull7290873255550-000-014-20260916-003215.gz,PromoFull7290873255550-000-014-20260916-003215.gz
2026-09-16,tivtaam,14,7290008409551,120160,עופות,food,שניצל עוף אמיתי בציפוי מעודן-700 גרם,שניצל עוף אמיתי בציפוי מעודן-700 גרם,לא ידוע,700.0,100 גרם,גרם,0,49.9,7.13,,,,,49.9,,1,PriceFull7290873255550-000-014-20260916-003215.gz,PromoFull7290873255550-000-014-20260916-003215.gz
2026-09-16,tivtaam,14,7290012228278,120170,בשר משומר ומעובד,food,נקניקיות הודו בקר ריינהולדס 310 גרם,נקניקיות הודו בקר ריינהולדס 310 גרם,לא ידוע,310.0,100 גרם,גרם,0,26.9,8.68,,,,,26.9,,1,PriceFull7290873255550-000-014-20260916-003215.gz,PromoFull7290873255550-000-014-20260916-003215.gz
2026-09-16,tivtaam,14,7290000537603,120170,בשר משומר ומעובד,food,נקניקיות עוף1ק זוגלובק,נקניקיות עוף 1 קג,לא ידוע,1.0,יחידות,יחידות,0,29.9,29.9,,,,,29.9,,1,PriceFull7290873255550-000-014-20260916-003215.gz,PromoFull7290873255550-000-014-20260916-003215.gz
2026-09-16,tivtaam,14,7290109580050,120170,בשר משומר ומעובד,food,נקניקיות צוריסוס wonders 226 גר,נקניקיות צוריסוס wonders 226 גר,לא ידוע,226.0,100 גרם,גרם,0,38.9,17.21,,,,,38.9,,1,PriceFull7290873255550-000-014-20260916-003215.gz,PromoFull7290873255550-000-014-20260916-003215.gz
2026-09-16,tivtaam,14,5901576058585,120180,דגים,food,פילה סלמון מעושן פרוס מצונן 100 גרם,פילה סלמון  מעושן פרוס מצונן 100 גרם,לא ידוע,100.0,100 גרם,גרם,0,28.9,28.9,,,,,28.9,,1,PriceFull7290873255550-000-014-20260916-003215.gz,PromoFull7290873255550-000-014-20260916-003215.gz
2026-09-16,tivtaam,14,7290000664026,120180,דגים,food,קציצות דג אמנון מוקפא 450 גרם,קציצות דג אמנון מוקפא 450 גרם,לא ידוע,450.0,100 גרם,גרם,0,42.5,9.44,,,,,42.5,,1,PriceFull7290873255550-000-014-20260916-003215.gz,PromoFull7290873255550-000-014-20260916-003215.gz
2026-09-16,tivtaam,14,7290015039246,120190,שימורי דגים ודגים מעובדים,food,רביעית טונה בהירה בשמן וילי פוד 4*160 גר,רביעית טונה בהירה בשמן וילי פוד 4*160 גר,לא ידוע,640.0,100 גרם,גרם,0,23.9,3.73,,,,,23.9,,1,PriceFull7290873255550-000-014-20260916-003215.gz,PromoFull7290873255550-000-014-20260916-003215.gz
2026-09-16,tivtaam,14,7290015039338,120190,שימורי דגים ודגים מעובדים,food,רביעית טונה במי מלח וילי פוד 4*160 גר,רביעית טונה במי מלח וילי פוד 4*160 גר,לא ידוע,640.0,100 גרם,גרם,0,23.9,3.73,,,,,23.9,,1,PriceFull7290873255550-000-014-20260916-003215.gz,PromoFull7290873255550-000-014-20260916-003215.gz
2026-09-16,tivtaam,14,8004030344938,120190,שימורי דגים ודגים מעובדים,food,שלישיית טונה ריו מרה 3*80 גרם,שלישיית טונה ריו מרה 3*80 גרם,לא ידוע,240.0,100 גרם,גרם,0,29.9,12.46,,,,,29.9,,1,PriceFull7290873255550-000-014-20260916-003215.gz,PromoFull7290873255550-000-014-20260916-003215.gz
2026-09-16,tivtaam,14,64144090020,120210,שמנים,food,"ספריי שמן PAM בטעם שמן זית 141 מ""ל","ספריי שמן PAM בטעם שמן זית 141 מ""ל",לא ידוע,141.0,100 מיליליטר,מיליליטר,0,22.9,16.24,,,,,22.9,,1,PriceFull7290873255550-000-014-20260916-003215.gz,PromoFull7290873255550-000-014-20260916-003215.gz
2026-09-16,tivtaam,14,8007270999012,120210,שמנים,food,שמן גרעיני ענבים דורו 1ל,שמן גרעיני ענבים 1 ליטר,לא ידוע,1000.0,100 מיליליטר,מיליליטר,0,54.9,5.49,,,,,54.9,,1,PriceFull7290873255550-000-014-20260916-003215.gz,PromoFull7290873255550-000-014-20260916-003215.gz
2026-09-16,tivtaam,14,7290002692393,120210,שמנים,food,שמן קנולה עץ הזית 1 ל מועשר,שמן קנולה עץ הזית 1 ל מועשר,לא ידוע,1000.0,100 מיליליטר,מיליליטר,0,16.9,1.69,,,,,16.9,,1,PriceFull7290873255550-000-014-20260916-003215.gz,PromoFull7290873255550-000-014-20260916-003215.gz
2026-09-16,tivtaam,14,7290000453897,120220,מרגרינה,food,מרגרינה בטעם חמאה שמרית 200 גר,מרגרינה בטעם חמאה שמרית 200 גר,לא ידוע,200.0,100 גרם,גרם,0,6.2,3.1,,,,,6.2,,1,PriceFull7290873255550-000-014-20260916-003215.gz,PromoFull7290873255550-000-014-20260916-003215.gz
2026-09-16,tivtaam,14,7290000453880,120220,מרגרינה,food,מרגרינה ללא מלח לאפיה ובישול שמרית 200גר,מרגרינה ללא מלח לאפיה ובישול שמרית 200גר,לא ידוע,200.0,100 גרם,גרם,0,6.2,3.1,,,,,6.2,,1,PriceFull7290873255550-000-014-20260916-003215.gz,PromoFull7290873255550-000-014-20260916-003215.gz
2026-09-16,tivtaam,14,7290000040974,120240,חלב,food,חלב טרי 2% דל לקטוז 1 ל,חלב טרי דל לקטוז 1 ל,לא ידוע,1000.0,100 מיליליטר,מיליליטר,0,8.3,0.83,,,,,8.3,,1,PriceFull7290873255550-000-014-20260916-003215.gz,PromoFull7290873255550-000-014-20260916-003215.gz
2026-09-16,tivtaam,14,7290003029815,120240,חלב,food,חלב יטבתה 3% מועשר 2 ליטר,חלב יטבתה 3% מועשר 2 ליטר,לא ידוע,2.0,1ליטר,ליטר,0,18.4,9.2,,,,,18.4,,1,PriceFull7290873255550-000-014-20260916-003215.gz,PromoFull7290873255550-000-014-20260916-003215.gz
2026-09-16,tivtaam,14,7290000051352,120240,חלב,food,חלב מלא 3.8% 1ליטר תנובה,חלב של פעם 3.5% 1 ל,לא ידוע,1000.0,100 מיליליטר,מיליליטר,0,9.1,0.91,,,,,9.1,,1,PriceFull7290873255550-000-014-20260916-003215.gz,PromoFull7290873255550-000-014-20260916-003215.gz
2026-09-16,tivtaam,14,7290006664532,120250,"לבן, יוגורט ומעדני חלב",food,"דנונה תות 3% 150 מ""ל",דנונה תות 3% 150 גר,לא ידוע,180.0,100 גרם,גרם,0,5.1,2.83,,,,,5.1,,1,PriceFull7290873255550-000-014-20260916-003215.gz,PromoFull7290873255550-000-014-20260916-003215.gz
2026-09-16,tivtaam,14,7290000043944,120250,"לבן, יוגורט ומעדני חלב",food,יוגורט כדים תנובה 1.,יוגורט 4% 1.5 ליטר,לא ידוע,1.5,1ליטר,ליטר,0,21.9,14.6,,,,,21.9,,1,PriceFull7290873255550-000-014-20260916-003215.gz,PromoFull7290873255550-000-014-20260916-003215.gz
2026-09-16,tivtaam,14,7290000554402,120250,"לבן, יוגורט ומעדני חלב",food,מעדן חלב מלבי גד 160,מעדן מלבי 160 גר,לא ידוע,160.0,100 גרם,גרם,0,7.9,4.94,,,,,7.9,,1,PriceFull7290873255550-000-014-20260916-003215.gz,PromoFull7290873255550-000-014-20260916-003215.gz
2026-09-16,tivtaam,14,7290106520912,120260,שמנת,food,"שמנת לבישול 9% 250 מ""ל",שמנת לבישול 9% 250 מל,לא ידוע,250.0,100 מיליליטר,מיליליטר,0,8.5,3.4,,,,,8.5,,1,PriceFull7290873255550-000-014-20260916-003215.gz,PromoFull7290873255550-000-014-20260916-003215.gz
2026-09-16,tivtaam,14,7290000058047,120260,שמנת,food,שמנת להקצפה38% תנובה500מ,"שמנת 38% עם פקק 500 מ""ל",לא ידוע,500.0,100 מיליליטר,מיליליטר,0,15.2,3.04,,,,,15.2,,1,PriceFull7290873255550-000-014-20260916-003215.gz,PromoFull7290873255550-000-014-20260916-003215.gz
2026-09-16,tivtaam,14,7290104728310,120260,שמנת,food,"שמנת עמידה לקצפת 38% 250 מ""ל","שמנת עמידה לקצפת 38% 250 מ""ל",לא ידוע,250.0,100 מיליליטר,מיליליטר,0,7.64,3.06,,,,,7.64,,1,PriceFull7290873255550-000-014-20260916-003215.gz,PromoFull7290873255550-000-014-20260916-003215.gz
2026-09-16,tivtaam,14,7290008175173,120270,חמאה,food,"חמאה לל""ת מלח200ג ואליו",לורפק חמאה 200 גר,לא ידוע,200.0,100 גרם,גרם,0,16.9,8.45,,,,,16.9,,1,PriceFull7290873255550-000-014-20260916-003215.gz,PromoFull7290873255550-000-014-20260916-003215.gz
2026-09-16,tivtaam,14,7290116932033,120270,חמאה,food,חמאה מהדרין 200ג תנובה,חמאה מהדרין 200 גר,לא ידוע,200.0,100 גרם,גרם,0,11.9,5.95,,,,,11.9,,1,PriceFull7290873255550-000-014-20260916-003215.gz,PromoFull7290873255550-000-014-20260916-003215.gz
2026-09-16,tivtaam,14,8719200998032,120270,חמאה,food,מזולה בטעם חמאה 250 גרם,מזולה בטעם חמאה 250 גר,לא ידוע,250.0,100 גרם,גרם,0,13.9,5.56,,,,,13.9,,1,PriceFull7290873255550-000-014-20260916-003215.gz,PromoFull7290873255550-000-014-20260916-003215.gz
2026-09-16,tivtaam,14,7290006492432,120280,גבינה,food,** גד בייבי מוצרלה 1,מוצרלה בייבי 150 גרם,לא ידוע,170.0,100 גרם,גרם,0,17.9,10.53,,,,,17.9,,1,PriceFull7290873255550-000-014-20260916-003215.gz,PromoFull7290873255550-000-014-20260916-003215.gz
2026-09-16,tivtaam,14,7290114310918,120280,גבינה,food,קוטג טרה 5% ווסטהיים,קוטג 5% 250 גרם,לא ידוע,250.0,100 גרם,גרם,0,6.5,2.6,,,,,6.5,,1,PriceFull7290873255550-000-014-20260916-003215.gz,PromoFull7290873255550-000-014-20260916-003215.gz
2026-09-16,tivtaam,14,7290108504279,120280,גבינה,food,קשקבל צ'אנק 150 גר'.,קשקבל צאנק 150 גרם,לא ידוע,150.0,100 גרם,גרם,0,22.9,15.27,,,,,22.9,,1,PriceFull7290873255550-000-014-20260916-003215.gz,PromoFull7290873255550-000-014-20260916-003215.gz
2026-09-16,tivtaam,14,7290004554354,120285,גלידות,food,"גלידה פנטסיה 900 מ""ל שוקו וניל","גלידה פנטסיה 900 מ""ל שוקו וניל",לא ידוע,900.0,100 גרם,גרם,0,34.9,3.88,,,,,34.9,,1,PriceFull7290873255550-000-014-20260916-003215.gz,PromoFull7290873255550-000-014-20260916-003215.gz
2026-09-16,tivtaam,14,7290006681003,120285,גלידות,food,גלידה קרמיסימו סרבט תות לימון 650 גרם,גלידה קרמיסימו סרבט תות לימון 650 גרם,לא ידוע,1.33,1ליטר,ליטר,0,29.9,22.48,,,,,29.9,,1,PriceFull7290873255550-000-014-20260916-003215.gz,PromoFull7290873255550-000-014-20260916-003215.gz
2026-09-16,tivtaam,14,7290101114338,120285,גלידות,food,מאגדת חמישיה שלגון וניל עם ש. פיסטוק 99,מאגדת חמישיה שלגון וניל עם ש. פיסטוק 99,לא ידוע,200.0,100 גרם,גרם,0,30.9,15.45,,,,,30.9,,1,PriceFull7290873255550-000-014-20260916-003215.gz,PromoFull7290873255550-000-014-20260916-003215.gz
2026-09-16,tivtaam,14,7290000068138,120300,"תבלינים, רטבים, מוצרים לעוגה ומזון לתינוקות",food,אינסטנט פודינג וניל 80גר,פודינג אינסטנט בטעם וניל,לא ידוע,80.0,100 גרם,גרם,0,5.9,7.38,,,,,5.9,,1,PriceFull7290873255550-000-014-20260916-003215.gz,PromoFull7290873255550-000-014-20260916-003215.gz
2026-09-16,tivtaam,14,7290000209012,120300,"תבלינים, רטבים, מוצרים לעוגה ומזון לתינוקות",food,חומץ הדרים 5% יכין 1,חומץ הדרים 1 ליטר,לא ידוע,1000.0,100 מיליליטר,מיליליטר,0,6.9,0.69,,,,,6.9,,1,PriceFull7290873255550-000-014-20260916-003215.gz,PromoFull7290873255550-000-014-20260916-003215.gz
2026-09-16,tivtaam,14,7290000111360,120300,"תבלינים, רטבים, מוצרים לעוגה ומזון לתינוקות",food,חרדל אמיתי תלמה 250 גרם,חרדל תלמה 250 גרם-צנצנת,לא ידוע,250.0,100 גרם,גרם,0,10.3,4.12,,,,,10.3,,1,PriceFull7290873255550-000-014-20260916-003215.gz,PromoFull7290873255550-000-014-20260916-003215.gz
2026-09-16,tivtaam,14,7290006251589,120310,תה,food,תה ירוק נענע באריזה 50 יח,תה ירוק נענע באריזה 50 יח,לא ידוע,1.0,יחידות,יחידות,0,45.9,45.9,,,,,45.9,,1,PriceFull7290873255550-000-014-20260916-003215.gz,PromoFull7290873255550-000-014-20260916-003215.gz
2026-09-16,tivtaam,14,7290006251107,120310,תה,food,תה מסאלה צאי 25שק*2גרם,תה צאי מסאלה 25 שקיקים,לא ידוע,1.0,יחידות,יחידות,0,23.9,23.9,,,,,23.9,,1,PriceFull7290873255550-000-014-20260916-003215.gz,PromoFull7290873255550-000-014-20260916-003215.gz
2026-09-16,tivtaam,14,7290000345536,120310,תה,food,תה נענע 25 שקיקים 1.5 גרם,תה נענע 25 שקיקים 1.5 גרם,לא ידוע,1.0,יחידות,יחידות,0,27.9,27.9,,,,,27.9,,1,PriceFull7290873255550-000-014-20260916-003215.gz,PromoFull7290873255550-000-014-20260916-003215.gz
2026-09-16,tivtaam,14,7290000176420,120320,קפה,food,** קפה נמס עלית פחית,קפה נמס עלית 200 גרם,לא ידוע,200.0,100 גרם,גרם,0,25.9,12.95,,,,,25.9,,1,PriceFull7290873255550-000-014-20260916-003215.gz,PromoFull7290873255550-000-014-20260916-003215.gz
2026-09-16,tivtaam,14,7290000176413,120320,קפה,food,קפה נמס עלית 50 גרם,קפה נמס עלית 50 גרם,לא ידוע,50.0,100 גרם,גרם,0,16.9,33.8,,,,,16.9,,1,PriceFull7290873255550-000-014-20260916-003215.gz,PromoFull7290873255550-000-014-20260916-003215.gz
2026-09-16,tivtaam,14,7290119384044,120320,קפה,food,קפה נמס עלית צ'יקו 1,ציקו 100 ג בצנצנת,לא ידוע,100.0,100 גרם,גרם,0,21.9,21.9,,,,,21.9,,1,PriceFull7290873255550-000-014-20260916-003215.gz,PromoFull7290873255550-000-014-20260916-003215.gz
2026-09-16,tivtaam,14,7290003029792,120330,קקאו,food,שוקו בשקית8*225מ יטבתה,מארז שוקו יטבתה 8,לא ידוע,1.8,1ליטר,ליטר,0,21.9,12.17,,,,,21.9,,1,PriceFull7290873255550-000-014-20260916-003215.gz,PromoFull7290873255550-000-014-20260916-003215.gz
2026-09-16,tivtaam,14,7290102398560,120330,קקאו,food,"שוקו ללת""ס בקבוק1ל טרה",שוקו מועשר טרה 1 ליטר,לא ידוע,1000.0,100 מיליליטר,מיליליטר,0,14.2,1.42,,,,,14.2,,1,PriceFull7290873255550-000-014-20260916-003215.gz,PromoFull7290873255550-000-014-20260916-003215.gz
2026-09-16,tivtaam,14,7290010116980,120330,קקאו,food,שוקולית בשקית850ג עלית,שוקולית 850 גרם,לא ידוע,850.0,100 גרם,גרם,0,19.9,2.34,,,,,19.9,,1,PriceFull7290873255550-000-014-20260916-003215.gz,PromoFull7290873255550-000-014-20260916-003215.gz
2026-09-16,tivtaam,14,7290000136158,120350,משקאות קלים,food,פפסי מקס 1.5 ליטר.,פפסי זירו 1.5 ליטר,לא ידוע,1.5,1ליטר,ליטר,0,6.9,4.6,,,,,6.9,,1,PriceFull7290873255550-000-014-20260916-003215.gz,PromoFull7290873255550-000-014-20260916-003215.gz
2026-09-16,tivtaam,14,7290013585394,120350,משקאות קלים,food,קוקה קולה 1ליטר בודד,קוקה קולה 1 ליטר,לא ידוע,1000.0,100 מיליליטר,מיליליטר,0,7.5,0.75,,,,,7.5,,1,PriceFull7290873255550-000-014-20260916-003215.gz,PromoFull7290873255550-000-014-20260916-003215.gz
2026-09-16,tivtaam,14,7290110115364,120350,משקאות קלים,food,קוקה קולה 6*1.5 ליטר,קוקה קולה שישייה 1.5,לא ידוע,9.0,1ליטר,ליטר,0,47.9,5.32,,,,,47.9,,1,PriceFull7290873255550-000-014-20260916-003215.gz,PromoFull7290873255550-000-014-20260916-003215.gz
2026-09-16,tivtaam,14,7290001594575,120360,משקאות אלכוהולים,food,"בירה טובורג פחית 500 מ""ל","טובורג 500 מ""ל",לא ידוע,500.0,100 מיליליטר,מיליליטר,0,10.9,2.18,,,,,10.9,,1,PriceFull7290873255550-000-014-20260916-003215.gz,PromoFull7290873255550-000-014-20260916-003215.gz
2026-09-16,tivtaam,14,7290008464475,120360,משקאות אלכוהולים,food,"בירה מכבי פחית 500 מ""ל","בירה מכבי פחית 500 מ""ל",לא ידוע,500.0,100 מיליליטר,מיליליטר,0,9.2,1.84,,,,,9.2,,1,PriceFull7290873255550-000-014-20260916-003215.gz,PromoFull7290873255550-000-014-20260916-003215.gz
2026-09-16,tivtaam,14,7290001594568,120360,משקאות אלכוהולים,food,"בירה קרלסברג בפחית500מ""ל","קרלסברג פחית 500 מ""ל",לא ידוע,500.0,100 מיליליטר,מיליליטר,0,10.9,2.18,,,,,10.9,,1,PriceFull7290873255550-000-014-20260916-003215.gz,PromoFull7290873255550-000-014-20260916-003215.gz
2026-09-16,tivtaam,14,7290018249802,120380,סוכר ותחליפיו,food,ממתיק סוויטאנגו 280 גר,ממתיק סוויטאנגו 280 גר,לא ידוע,280.0,100 גרם,גרם,0,39.9,14.25,,,,,39.9,,1,PriceFull7290873255550-000-014-20260916-003215.gz,PromoFull7290873255550-000-014-20260916-003215.gz
2026-09-16,tivtaam,14,7290001990148,120380,סוכר ותחליפיו,food,סוכר גולדן קלאסי צנצנת 1 קג,סוכר גולדן קלאסי צנצנת 1 קג,לא ידוע,1000.0,100 גרם,גרם,0,14.9,1.49,,,,,14.9,,1,PriceFull7290873255550-000-014-20260916-003215.gz,PromoFull7290873255550-000-014-20260916-003215.gz
2026-09-16,tivtaam,14,7290000504278,120380,סוכר ותחליפיו,food,סוכרזית פטנט 700 טבליות,סוכרזית פטנט 700 טבליות,לא ידוע,574.0,100 גרם,גרם,0,22.9,3.99,,,,,22.9,,1,PriceFull7290873255550-000-014-20260916-003215.gz,PromoFull7290873255550-000-014-20260916-003215.gz
2026-09-16,tivtaam,14,7290113190375,120390,"ריבה, דבש וכדומה",food,סילאן טבעי ללא סוכר720גר,סילאן טבעי שקדיה 900 גרם,לא ידוע,720.0,100 גרם,גרם,0,17.9,2.49,,,,,17.9,,1,PriceFull7290873255550-000-014-20260916-003215.gz,PromoFull7290873255550-000-014-20260916-003215.gz
2026-09-16,tivtaam,14,7290113190863,120390,"ריבה, דבש וכדומה",food,סילאן שקדיה 100% טבעי385,385סילאן שקדיה 100%,לא ידוע,1.0,יחידות,יחידות,0,16.9,16.9,,,,,16.9,,1,PriceFull7290873255550-000-014-20260916-003215.gz,PromoFull7290873255550-000-014-20260916-003215.gz
2026-09-16,tivtaam,14,7290112197597,120390,"ריבה, דבש וכדומה",food,ריבת פירות יער טרו 250 גר,ריבת פירות יער טרו 250 גר,לא ידוע,250.0,100 גרם,גרם,0,16.9,6.76,,,,,16.9,,1,PriceFull7290873255550-000-014-20260916-003215.gz,PromoFull7290873255550-000-014-20260916-003215.gz
2026-09-16,tivtaam,14,7290000178103,120400,ממתקים ושוקולד,food,שוקולד חלב פרה 100*4 גרם,שוקולד חלב  פרה רביעייה,לא ידוע,400.0,100 גרם,גרם,0,32.9,8.23,,,,,32.9,,1,PriceFull7290873255550-000-014-20260916-003215.gz,PromoFull7290873255550-000-014-20260916-003215.gz
2026-09-16,tivtaam,14,7622202265648,120400,ממתקים ושוקולד,food,שוקולד לבן מילקה 90 גרם,שוקולד לבן מילקה 90 גר,לא ידוע,90.0,100 גרם,גרם,0,9.9,11.0,,,,,9.9,,1,PriceFull7290873255550-000-014-20260916-003215.gz,PromoFull7290873255550-000-014-20260916-003215.gz
2026-09-16,tivtaam,14,7290112348548,120400,ממתקים ושוקולד,food,שוקולד פרה לבן 100 גרם,שוקולד פרה לבן 100 גרם,לא ידוע,100.0,100 גרם,גרם,0,8.9,8.9,,,,,8.9,,1,PriceFull7290873255550-000-014-20260916-003215.gz,PromoFull7290873255550-000-014-20260916-003215.gz
2026-09-16,tivtaam,14,7290119373925,150315,סלטים מוכנים,food,מטבוחה חריפה אש 250 גרם,מטבוחה חריפה אש 250 גרם,לא ידוע,250.0,100 גרם,גרם,0,14.2,5.68,,,,,14.2,,1,PriceFull7290873255550-000-014-20260916-003215.gz,PromoFull7290873255550-000-014-20260916-003215.gz
2026-09-16,tivtaam,14,7290107958639,150315,סלטים מוכנים,food,מטבוחה מרוקאית חריפה אחלה 400 גר,מטבוחה מרוקאית חריפה אחלה 400 גר,לא ידוע,400.0,100 גרם,גרם,0,16.5,4.13,,,,,16.5,,1,PriceFull7290873255550-000-014-20260916-003215.gz,PromoFull7290873255550-000-014-20260916-003215.gz
2026-09-16,tivtaam,14,7290010931330,150315,סלטים מוכנים,food,סלט מטבוחה אחלה 500,מטבוחה 500 גר,לא ידוע,500.0,100 גרם,גרם,0,18.9,3.78,,,,,18.9,,1,PriceFull7290873255550-000-014-20260916-003215.gz,PromoFull7290873255550-000-014-20260916-003215.gz
2026-09-16,tivtaam,14,4412500,120042,ירקות טריים,fv,בצל יבש: בצל אדום,בצל אדום,לא ידוע,1.0,1קילוגרם,קילוגרם,1,6.9,6.9,,,,,6.9,,1,PriceFull7290873255550-000-014-20260916-003215.gz,PromoFull7290873255550-000-014-20260916-003215.gz
2026-09-16,tivtaam,14,7290018825006,120042,ירקות טריים,fv,גזר: גזר,גזר,לא ידוע,1.0,1קילוגרם,קילוגרם,1,4.9,4.9,,,,,4.9,,1,PriceFull7290873255550-000-014-20260916-003215.gz,PromoFull7290873255550-000-014-20260916-003215.gz
2026-09-16,tivtaam,14,4412784,120042,ירקות טריים,fv,עגבניות: עגבניות,עגבניות,לא ידוע,1.0,1קילוגרם,קילוגרם,1,5.9,5.9,,,,,5.9,,1,PriceFull7290873255550-000-014-20260916-003215.gz,PromoFull7290873255550-000-014-20260916-003215.gz
2026-09-16,tivtaam,14,6217707,120042,ירקות טריים,fv,פלפל: פרס פלפל,פרס פלפל,לא ידוע,1.0,1קילוגרם,קילוגרם,1,145.0,145.0,,,,,145.0,,1,PriceFull7290873255550-000-014-20260916-003215.gz,PromoFull7290873255550-000-014-20260916-003215.gz
2026-09-16,tivtaam,14,7290018825211,120042,ירקות טריים,fv,"תפוחי אדמה: תפו""א לבן","תפו""א לבן",לא ידוע,1.0,1קילוגרם,קילוגרם,1,4.9,4.9,,,,,4.9,,1,PriceFull7290873255550-000-014-20260916-003215.gz,PromoFull7290873255550-000-014-20260916-003215.gz
2026-09-16,tivtaam,14,4412906,120043,פירות טריים,fv,אבטיח: אבטיח,אבטיח,לא ידוע,1.0,1קילוגרם,קילוגרם,1,5.9,5.9,,,,,5.9,,1,PriceFull7290873255550-000-014-20260916-003215.gz,PromoFull7290873255550-000-014-20260916-003215.gz
2026-09-16,tivtaam,14,4412616,120043,פירות טריים,fv,בננות: בננות,בננות,לא ידוע,1.0,1קילוגרם,קילוגרם,1,11.9,11.9,,,,,11.9,,1,PriceFull7290873255550-000-014-20260916-003215.gz,PromoFull7290873255550-000-014-20260916-003215.gz
2026-09-16,tivtaam,14,4412807,120043,פירות טריים,fv,מלון: מלון,מלון,לא ידוע,1.0,1קילוגרם,קילוגרם,1,7.9,7.9,,,,,7.9,,1,PriceFull7290873255550-000-014-20260916-003215.gz,PromoFull7290873255550-000-014-20260916-003215.gz
2026-09-16,tivtaam,14,7290013128324,120043,פירות טריים,fv,ענבים: ענבים שחורים,ענבים שחורים,לא ידוע,1.0,1קילוגרם,קילוגרם,1,29.9,29.9,,,,,29.9,,1,PriceFull7290873255550-000-014-20260916-003215.gz,PromoFull7290873255550-000-014-20260916-003215.gz
2026-09-16,tivtaam,14,4412432,120043,פירות טריים,fv,תפוזים: תפוזים,תפוזים,לא ידוע,1.0,1קילוגרם,קילוגרם,1,8.9,8.9,,,,,8.9,,1,PriceFull7290873255550-000-014-20260916-003215.gz,PromoFull7290873255550-000-014-20260916-003215.gz
2026-09-16,tivtaam,14,3213498,120043,פירות טריים,fv,תפוחים: תפוח עץ מיובש טבעות במשקל,תפוח עץ מיובש טבעות במשקל,לא ידוע,1.0,1קילוגרם,קילוגרם,1,69.0,69.0,,,,,69.0,,1,PriceFull7290873255550-000-014-20260916-003215.gz,PromoFull7290873255550-000-014-20260916-003215.gz
2026-09-16,carrefour,9,7290020216953,120070,לחם,food,אנג'ל לחם PRO מלא פר,אנג'ל לחם PRO מלא פר,",",500.0,100 גרם,גרם,0,22.9,4.58,,,,,22.9,,1,PriceFull7290055700007-001-009-20260916-051007.gz,PromoFull7290055700007-001-009-20260916-051059.gz
2026-09-16,carrefour,9,7290018500361,120070,לחם,food,לחם אחיד פרוס 900 גרם,לחם אחיד פרוס מאפיית,מאפיית שלמה א. אנג'ל,900.0,100 גרם,גרם,0,8.9,0.99,,,,,8.9,,1,PriceFull7290055700007-001-009-20260916-051007.gz,PromoFull7290055700007-001-009-20260916-051059.gz
2026-09-16,carrefour,9,7290002065555,120070,לחם,food,לחמניות בשקית 6*75 גרם,6 לחמניות רכות אנגל,מאפיית שלמה א. אנג'ל,450.0,100 גרם,גרם,0,12.1,2.69,,,,,12.1,,1,PriceFull7290055700007-001-009-20260916-051007.gz,PromoFull7290055700007-001-009-20260916-051059.gz
2026-09-16,carrefour,9,7290000074252,120080,"ביסקוויטים, עוגות וכדומה",food,אסם קרקר שומשום 250ג,אסם קרקר שומשום 250ג,"אסם השקעות בע""מ",250.0,100 גרם,גרם,0,10.0,4.0,,,,,10.0,,1,PriceFull7290055700007-001-009-20260916-051007.gz,PromoFull7290055700007-001-009-20260916-051059.gz
2026-09-16,carrefour,9,7290115201727,120080,"ביסקוויטים, עוגות וכדומה",food,ביסלי חטיף בטעם בצל,ביסלי בצל 200 גרם,"אסם השקעות בע""מ",200.0,100 גרם,גרם,0,7.9,3.95,,,,,7.9,,1,PriceFull7290055700007-001-009-20260916-051007.gz,PromoFull7290055700007-001-009-20260916-051059.gz
2026-09-16,carrefour,9,7290000074245,120080,"ביסקוויטים, עוגות וכדומה",food,קרם קרקר אסם 250 גרם,אסם קרם קרקר 250גרם,"אסם השקעות בע""מ",250.0,100 גרם,גרם,0,9.0,3.6,,,,,9.0,,1,PriceFull7290055700007-001-009-20260916-051007.gz,PromoFull7290055700007-001-009-20260916-051059.gz
2026-09-16,carrefour,9,7297488098183,120090,קמח,food,קמח אורז ללא גלוטן 500 ג,דגש קמח אורז ללא גלו,תבליני העליון 2007 ב,500.0,100 גרם,גרם,0,13.1,2.62,,,,,13.1,,1,PriceFull7290055700007-001-009-20260916-051007.gz,PromoFull7290055700007-001-009-20260916-051059.gz
2026-09-16,carrefour,9,7297488098305,120090,קמח,food,קמח שקדים דגש 250 גרם,דגש קמח שקדים 250 גר,"תורפז תעשיות בע""מ",250.0,100 גרם,גרם,0,27.2,10.88,,,,,27.2,,1,PriceFull7290055700007-001-009-20260916-051007.gz,PromoFull7290055700007-001-009-20260916-051059.gz
2026-09-16,carrefour,9,7290100702383,120090,קמח,food,"קמח תופח סוגת 1 ק""ג","קמח תופח סוגת 1 ק""ג","שטיבל בע""מ - טחנות ק",1.0,1 קילוגרם,קילוגרם,0,8.0,8.0,,,,,8.0,,1,PriceFull7290055700007-001-009-20260916-051007.gz,PromoFull7290055700007-001-009-20260916-051059.gz
2026-09-16,carrefour,9,7290000060163,120100,מוצרי בצק,food,אטריות דקות אסם 400,אטריות דקות אסם 400,מספקס-לובלה,400.0,100 גרם,גרם,0,7.0,1.75,,,,,7.0,,1,PriceFull7290055700007-001-009-20260916-051007.gz,PromoFull7290055700007-001-009-20260916-051059.gz
2026-09-16,carrefour,9,7290000060965,120100,מוצרי בצק,food,אטריות רחבות אסם 400,אטריות רחבות אסם 400,"אסם השקעות בע""מ",400.0,100 גרם,גרם,0,7.0,1.75,,,,,7.0,,1,PriceFull7290055700007-001-009-20260916-051007.gz,PromoFull7290055700007-001-009-20260916-051059.gz
2026-09-16,carrefour,9,7290100702260,120100,מוצרי בצק,food,קוסקוס דק סוגת 350 ג,קוסקוס דק סוגת 350 ג,"אסיף תעשיות מזון בע""",350.0,100 גרם,גרם,0,6.0,1.71,,,,,6.0,,1,PriceFull7290055700007-001-009-20260916-051007.gz,PromoFull7290055700007-001-009-20260916-051059.gz
2026-09-16,carrefour,9,7290100704691,120110,קטניות ומוצרי דגן,food,אורז אדום 500ג סוגת,אורז אדום סוגת  500,"סוגת תעשיות בע""מ",500.0,100 גרם,גרם,0,9.0,1.8,,,,,9.0,,1,PriceFull7290055700007-001-009-20260916-051007.gz,PromoFull7290055700007-001-009-20260916-051059.gz
2026-09-16,carrefour,9,7290000211985,120110,קטניות ומוצרי דגן,food,אורז עגול ריזוטו 1 ק,סוגת אורז עגול 1קג,"סוגת תעשיות בע""מ",1.0,1 קילוגרם,קילוגרם,0,12.1,12.1,,,,,12.1,,1,PriceFull7290055700007-001-009-20260916-051007.gz,PromoFull7290055700007-001-009-20260916-051059.gz
2026-09-16,carrefour,9,7290100700587,120110,קטניות ומוצרי דגן,food,בורגול 500 גרם סוגת,סוגת בורגול 500 גר,"סוגת תעשיות בע""מ",500.0,100 גרם,גרם,0,6.9,1.38,,,,,6.9,,1,PriceFull7290055700007-001-009-20260916-051007.gz,PromoFull7290055700007-001-009-20260916-051059.gz
2026-09-16,carrefour,9,7290001201862,120120,ביצים,food,12 ביצים חופש L מ. ל,12 ביצים חופש L מ. ל,",",12.0,יחידות,יחידות,0,20.9,1.74,,,,,20.9,,1,PriceFull7290055700007-001-009-20260916-051007.gz,PromoFull7290055700007-001-009-20260916-051059.gz
2026-09-16,carrefour,9,7290001201886,120120,ביצים,food,12 ביצים חופש M מ.לס,12 ביצים חופש M מ.לס,",",12.0,יחידות,יחידות,0,20.9,1.74,,,,,20.9,,1,PriceFull7290055700007-001-009-20260916-051007.gz,PromoFull7290055700007-001-009-20260916-051059.gz
2026-09-16,carrefour,9,7290109581651,120140,בשר בקר,food,אסאדו מפורק 240 גרם זוגלובק,אסאדו מפורק 240 גרם,כללי,240.0,100 גרם,גרם,0,35.2,14.67,,,,,35.2,,1,PriceFull7290055700007-001-009-20260916-051007.gz,PromoFull7290055700007-001-009-20260916-051059.gz
2026-09-16,carrefour,9,7290004011819,120140,בשר בקר,food,בורגר אנטריקוט360 אלגאצו,אל גאוצו המבורגר ריב,OF עבור נטו,360.0,100 גרם,גרם,0,22.1,6.14,,,,,22.1,,1,PriceFull7290055700007-001-009-20260916-051007.gz,PromoFull7290055700007-001-009-20260916-051059.gz
2026-09-16,carrefour,9,7290002453697,120140,בשר בקר,food,קבב אנטריקוט קצבים א,קבב אנטריקוט קצבים א,",",400.0,100 גרם,גרם,0,29.9,7.47,,,,,29.9,,1,PriceFull7290055700007-001-009-20260916-051007.gz,PromoFull7290055700007-001-009-20260916-051059.gz
2026-09-16,carrefour,9,7290019205920,120160,עופות,food,צונגו פנקו שניצל עוף טו,צ'ונגו פנקו שניצל עו,",",600.0,100 גרם,גרם,0,44.9,7.48,,,,,44.9,,1,PriceFull7290055700007-001-009-20260916-051007.gz,PromoFull7290055700007-001-009-20260916-051059.gz
2026-09-16,carrefour,9,7290008409582,120160,עופות,food,שניצל עוף אמיתי ביתי 700 גרם,שניצל אמיתי בציפוי ב,תנובה גליל שותפות מו,700.0,100 גרם,גרם,0,47.4,6.77,,,,,47.4,,1,PriceFull7290055700007-001-009-20260916-051007.gz,PromoFull7290055700007-001-009-20260916-051059.gz
2026-09-16,carrefour,9,7290008409551,120160,עופות,food,שניצל עוף אמיתי בציפוי מעודן-700 גרם,שניצל עוף אמיתי בציפ,תנובה גליל שותפות מו,700.0,100 גרם,גרם,0,47.4,6.77,,,,,47.4,,1,PriceFull7290055700007-001-009-20260916-051007.gz,PromoFull7290055700007-001-009-20260916-051059.gz
2026-09-16,carrefour,9,7290012228278,120170,בשר משומר ומעובד,food,נקניקיות הודו בקר ריינהולדס 310 גרם,נקנקיות בוקוורסט הוד,זוגלובק,300.0,100 גרם,גרם,0,23.9,7.97,,,,,23.9,,1,PriceFull7290055700007-001-009-20260916-051007.gz,PromoFull7290055700007-001-009-20260916-051059.gz
2026-09-16,carrefour,9,7290000537603,120170,בשר משומר ומעובד,food,נקניקיות עוף1ק זוגלובק,"נקנקיות עוף 1 ק""ג -ז",זוגלובק,1.0,קילוגרם,קילוגרם,0,28.2,28.2,,,,,28.2,,1,PriceFull7290055700007-001-009-20260916-051007.gz,PromoFull7290055700007-001-009-20260916-051059.gz
2026-09-16,carrefour,9,7290109580050,120170,בשר משומר ומעובד,food,נקניקיות צוריסוס wonders 226 גר,נקנקיות צ'וריסוס מן,זוגלובק 2000,226.0,100 גרם,גרם,0,27.2,12.04,,,,,27.2,,1,PriceFull7290055700007-001-009-20260916-051007.gz,PromoFull7290055700007-001-009-20260916-051059.gz
2026-09-16,carrefour,9,7290003069590,120180,דגים,food,פילה דג סול (פוטית) קפוא,דג סול 1 קג,דאליאן גואופו אקאטיק,1.0,100 גרם,גרם,0,30.2,3020.0,,,,,30.2,,1,PriceFull7290055700007-001-009-20260916-051007.gz,PromoFull7290055700007-001-009-20260916-051059.gz
2026-09-16,carrefour,9,5901576058585,120180,דגים,food,פילה סלמון מעושן פרוס מצונן 100 גרם,פילה דג סלמון מעושן,",",100.0,100 גרם,גרם,0,25.9,25.9,,,,,25.9,,1,PriceFull7290055700007-001-009-20260916-051007.gz,PromoFull7290055700007-001-009-20260916-051059.gz
2026-09-16,carrefour,9,7290000664026,120180,דגים,food,קציצות דג אמנון מוקפא 450 גרם,קציצות דג אמנון מוקפ,Shondong Tongxing Fo,450.0,100 גרם,גרם,0,35.2,7.82,,,,,35.2,,1,PriceFull7290055700007-001-009-20260916-051007.gz,PromoFull7290055700007-001-009-20260916-051059.gz
2026-09-16,carrefour,9,7290015039246,120190,שימורי דגים ודגים מעובדים,food,רביעית טונה בהירה בשמן וילי פוד 4*160 גר,טונה בהירה בשמן וילי,גולדן פרייז קאנינג א,640.0,100 גרם,גרם,0,24.2,3.78,,,,,24.2,,1,PriceFull7290055700007-001-009-20260916-051007.gz,PromoFull7290055700007-001-009-20260916-051059.gz
2026-09-16,carrefour,9,7290015039338,120190,שימורי דגים ודגים מעובדים,food,רביעית טונה במי מלח וילי פוד 4*160 גר,טונה במי מלח ויליפוד,גולדן פרייז קאנינג א,640.0,100 גרם,גרם,0,24.2,3.78,,,,,24.2,,1,PriceFull7290055700007-001-009-20260916-051007.gz,PromoFull7290055700007-001-009-20260916-051059.gz
2026-09-16,carrefour,9,8004030344938,120190,שימורי דגים ודגים מעובדים,food,שלישיית טונה ריו מרה 3*80 גרם,טונה בשמן זית ריו מר,"בולטון אלימנטרי בע""מ",240.0,100 גרם,גרם,0,30.2,12.58,,,,,30.2,,1,PriceFull7290055700007-001-009-20260916-051007.gz,PromoFull7290055700007-001-009-20260916-051059.gz
2026-09-16,carrefour,9,64144090020,120210,שמנים,food,"ספריי שמן PAM בטעם שמן זית 141 מ""ל",תרסיס שמן זית פאם 14,קונגרס פודס,148.0,100 מיליליטר,מיליליטר,0,18.1,12.23,,,,,18.1,,1,PriceFull7290055700007-001-009-20260916-051007.gz,PromoFull7290055700007-001-009-20260916-051059.gz
2026-09-16,carrefour,9,8007270999012,120210,שמנים,food,שמן גרעיני ענבים דורו 1ל,שמן גרעיני ענבים 1 ל,קוסטה דיאורו,1.0,ליטר,לא ידוע,0,45.3,45.3,,,,,45.3,,1,PriceFull7290055700007-001-009-20260916-051007.gz,PromoFull7290055700007-001-009-20260916-051059.gz
2026-09-16,carrefour,9,7290002692393,120210,שמנים,food,שמן קנולה עץ הזית 1 ל מועשר,שמן קנולה מועשר עץ ה,סקנולה,1.0,ליטר,לא ידוע,0,16.1,16.1,,,,,16.1,,1,PriceFull7290055700007-001-009-20260916-051007.gz,PromoFull7290055700007-001-009-20260916-051059.gz
2026-09-16,carrefour,9,7290000453897,120220,מרגרינה,food,מרגרינה בטעם חמאה שמרית 200 גר,מרגרינה בטעם חמאה 20,גרונבאנג- גרונדנסק א,200.0,100 גרם,גרם,0,5.0,2.5,,,,,5.0,,1,PriceFull7290055700007-001-009-20260916-051007.gz,PromoFull7290055700007-001-009-20260916-051059.gz
2026-09-16,carrefour,9,8719200998018,120220,מרגרינה,food,מרגרינה בטעם חמאה200גרם,מחמאה מרגרינה בטעם ח,"מיוצר ע""י יוניליוור",200.0,100 גרם,גרם,0,6.2,3.1,,,,,6.2,,1,PriceFull7290055700007-001-009-20260916-051007.gz,PromoFull7290055700007-001-009-20260916-051059.gz
2026-09-16,carrefour,9,7290000453880,120220,מרגרינה,food,מרגרינה ללא מלח לאפיה ובישול שמרית 200גר,מרגרינה ללא מלח לאפי,גרונבאנג- גרונדנסק א,200.0,100 גרם,גרם,0,5.0,2.5,,,,,5.0,,1,PriceFull7290055700007-001-009-20260916-051007.gz,PromoFull7290055700007-001-009-20260916-051059.gz
2026-09-16,carrefour,9,7290000040974,120240,חלב,food,חלב טרי 2% דל לקטוז 1 ל,** חלב תנובה קרטון ד,"תנובה, מחלבת רחובות",1.0,קילוגרם,קילוגרם,0,7.8,7.8,,,,,7.8,,1,PriceFull7290055700007-001-009-20260916-051007.gz,PromoFull7290055700007-001-009-20260916-051059.gz
2026-09-16,carrefour,9,7290003029815,120240,חלב,food,חלב יטבתה 3% מועשר 2 ליטר,חלב מועשר בכד 2 ליטר,מחלבת יטבתה,2.0,קילוגרם,קילוגרם,0,17.6,8.8,,,,,17.6,,1,PriceFull7290055700007-001-009-20260916-051007.gz,PromoFull7290055700007-001-009-20260916-051059.gz
2026-09-16,carrefour,9,7290000051352,120240,חלב,food,חלב מלא 3.8% 1ליטר תנובה,חלב תנובה של פעם בקר,הרדוף תוצרת מזון אור,1.0,ליטר,לא ידוע,0,9.0,9.0,,,,,9.0,,1,PriceFull7290055700007-001-009-20260916-051007.gz,PromoFull7290055700007-001-009-20260916-051059.gz
2026-09-16,carrefour,9,7290006664532,120250,"לבן, יוגורט ומעדני חלב",food,"דנונה תות 3% 150 מ""ל","דנונה תות 3% 150 מ""ל","שטראוס בריאות בע""מ",150.0,100 גרם,גרם,0,4.1,2.73,,,,,4.1,,1,PriceFull7290055700007-001-009-20260916-051007.gz,PromoFull7290055700007-001-009-20260916-051059.gz
2026-09-16,carrefour,9,7290000043944,120250,"לבן, יוגורט ומעדני חלב",food,יוגורט כדים תנובה 1.,יוגורט כדים תנובה 1.,מחלבת אלון תבור,1.5,קילוגרם,קילוגרם,0,20.0,13.33,,,,,20.0,,1,PriceFull7290055700007-001-009-20260916-051007.gz,PromoFull7290055700007-001-009-20260916-051059.gz
2026-09-16,carrefour,9,7290000554402,120250,"לבן, יוגורט ומעדני חלב",food,מעדן חלב מלבי גד 160,"גד מלבי 160 מ""ל","מיוצר ע""י קוד יצרן E",160.0,100 מיליליטר,מיליליטר,0,7.9,4.94,,,,,7.9,,1,PriceFull7290055700007-001-009-20260916-051007.gz,PromoFull7290055700007-001-009-20260916-051059.gz
2026-09-16,carrefour,9,7290106520912,120260,שמנת,food,"שמנת לבישול 9% 250 מ""ל",יטבתה שמנת לבישול 9%,מחלבת יטבתה,250.0,100 מיליליטר,מיליליטר,0,8.1,3.24,,,,,8.1,,1,PriceFull7290055700007-001-009-20260916-051007.gz,PromoFull7290055700007-001-009-20260916-051059.gz
2026-09-16,carrefour,9,7290000058047,120260,שמנת,food,שמנת להקצפה38% תנובה500מ,שף לבן שמנת מתוקה מה,תנובה,500.0,100 מיליליטר,מיליליטר,0,15.28,3.06,,,,,15.28,,1,PriceFull7290055700007-001-009-20260916-051007.gz,PromoFull7290055700007-001-009-20260916-051059.gz
2026-09-16,carrefour,9,7290104728310,120260,שמנת,food,"שמנת עמידה לקצפת 38% 250 מ""ל",יטבתה שמנת עמידה לקצ,מחלבת יטבתה,250.0,100 מיליליטר,מיליליטר,0,7.64,3.06,,,,,7.64,,1,PriceFull7290055700007-001-009-20260916-051007.gz,PromoFull7290055700007-001-009-20260916-051059.gz
2026-09-16,carrefour,9,7290008175173,120270,חמאה,food,"חמאה לל""ת מלח200ג ואליו",חמאה מפינלנד 200 גרם,ואליו אל.טי.די,200.0,100 גרם,גרם,0,16.9,8.45,,,,,16.9,,1,PriceFull7290055700007-001-009-20260916-051007.gz,PromoFull7290055700007-001-009-20260916-051059.gz
2026-09-16,carrefour,9,7290116932033,120270,חמאה,food,חמאה מהדרין 200ג תנובה,** חמאה 200 גרם מהדר,"תנובה בע""מ",200.0,100 גרם,גרם,0,9.5,4.75,,,,,9.5,,1,PriceFull7290055700007-001-009-20260916-051007.gz,PromoFull7290055700007-001-009-20260916-051059.gz
2026-09-16,carrefour,9,8719200998032,120270,חמאה,food,מזולה בטעם חמאה 250 גרם,מזולה בטעם חמאה 250,"מיוצר ע""י יוניליוור",250.0,100 גרם,גרם,0,10.0,4.0,,,,,10.0,,1,PriceFull7290055700007-001-009-20260916-051007.gz,PromoFull7290055700007-001-009-20260916-051059.gz
2026-09-16,carrefour,9,7290006492432,120280,גבינה,food,** גד בייבי מוצרלה 1,** גד בייבי מוצרלה 1,מחלבות גד בעמ,170.0,100 גרם,גרם,0,16.9,9.94,,,,,16.9,,1,PriceFull7290055700007-001-009-20260916-051007.gz,PromoFull7290055700007-001-009-20260916-051059.gz
2026-09-16,carrefour,9,7290114310918,120280,גבינה,food,קוטג טרה 5% ווסטהיים,קוטג טרה 5% ווסטהיים,",",250.0,100 גרם,גרם,0,6.0,2.4,,,,,6.0,,1,PriceFull7290055700007-001-009-20260916-051007.gz,PromoFull7290055700007-001-009-20260916-051059.gz
2026-09-16,carrefour,9,7290108504279,120280,גבינה,food,קשקבל צ'אנק 150 גר'.,קשקבל צ'אנק 150 גר'.,ג.וילי פוד אינטרנשיו,150.0,100 גרם,גרם,0,19.9,13.27,,,,,19.9,,1,PriceFull7290055700007-001-009-20260916-051007.gz,PromoFull7290055700007-001-009-20260916-051059.gz
2026-09-16,carrefour,9,7290004554354,120285,גלידות,food,"גלידה פנטסיה 900 מ""ל שוקו וניל",פנטסיה שוקו וניל 900,"גלידת שטראוס בע""מ, ר",900.0,100 מיליליטר,מיליליטר,0,28.9,3.21,,,,,28.9,,1,PriceFull7290055700007-001-009-20260916-051007.gz,PromoFull7290055700007-001-009-20260916-051059.gz
2026-09-16,carrefour,9,7290006681003,120285,גלידות,food,גלידה קרמיסימו סרבט תות לימון 650 גרם,גלידה קרמיסימו סורבה,"גלידת שטראוס בע""מ, ר",1.33,קילוגרם,קילוגרם,0,24.9,18.72,,,,,24.9,,1,PriceFull7290055700007-001-009-20260916-051007.gz,PromoFull7290055700007-001-009-20260916-051059.gz
2026-09-16,carrefour,9,7290101114338,120285,גלידות,food,מאגדת חמישיה שלגון וניל עם ש. פיסטוק 99,מאגדת חמישיה שלגון ו,",",200.0,100 גרם,גרם,0,30.9,15.45,,,,,30.9,,1,PriceFull7290055700007-001-009-20260916-051007.gz,PromoFull7290055700007-001-009-20260916-051059.gz
2026-09-16,carrefour,9,7290000068138,120300,"תבלינים, רטבים, מוצרים לעוגה ומזון לתינוקות",food,אינסטנט פודינג וניל 80גר,** אסם פודינג אינסטנ,"אסם השקעות בע""מ",80.0,100 גרם,גרם,0,5.0,6.25,,,,,5.0,,1,PriceFull7290055700007-001-009-20260916-051007.gz,PromoFull7290055700007-001-009-20260916-051059.gz
2026-09-16,carrefour,9,7290000209012,120300,"תבלינים, רטבים, מוצרים לעוגה ומזון לתינוקות",food,חומץ הדרים 5% יכין 1,חומץ הדרים 5% יכין 1,"זנלכל בע""מ",1.0,ליטר,לא ידוע,0,7.0,7.0,,,,,7.0,,1,PriceFull7290055700007-001-009-20260916-051007.gz,PromoFull7290055700007-001-009-20260916-051059.gz
2026-09-16,carrefour,9,7290000111360,120300,"תבלינים, רטבים, מוצרים לעוגה ומזון לתינוקות",food,חרדל אמיתי תלמה 250 גרם,חרדל אמיתי 250 גרם מ,יוניליוור  ישראל מזו,250.0,100 גרם,גרם,0,7.0,2.8,,,,,7.0,,1,PriceFull7290055700007-001-009-20260916-051007.gz,PromoFull7290055700007-001-009-20260916-051059.gz
2026-09-16,carrefour,9,7290006251589,120310,תה,food,תה ירוק נענע באריזה 50 יח,תה ירוק עם עלי נענע,בית ויסוצקי,75.0,100 גרם,גרם,0,40.3,53.73,,,,,40.3,,1,PriceFull7290055700007-001-009-20260916-051007.gz,PromoFull7290055700007-001-009-20260916-051059.gz
2026-09-16,carrefour,9,7290006251107,120310,תה,food,תה מסאלה צאי 25שק*2גרם,תה מסאלה ויסוצקי 2/2,תה ויסוצקי,50.0,100 גרם,גרם,0,20.1,40.2,,,,,20.1,,1,PriceFull7290055700007-001-009-20260916-051007.gz,PromoFull7290055700007-001-009-20260916-051059.gz
2026-09-16,carrefour,9,7290000345536,120310,תה,food,תה נענע 25 שקיקים 1.5 גרם,תה נענע 25 שקיות 1.5,תה ויסוצקי,37.5,100 גרם,גרם,0,18.9,50.4,,,,,18.9,,1,PriceFull7290055700007-001-009-20260916-051007.gz,PromoFull7290055700007-001-009-20260916-051059.gz
2026-09-16,carrefour,9,7290000176420,120320,קפה,food,** קפה נמס עלית פחית,** קפה נמס עלית פחית,שטראוס קפה בי.וי.,200.0,100 גרם,גרם,0,25.9,12.95,,,,,25.9,,1,PriceFull7290055700007-001-009-20260916-051007.gz,PromoFull7290055700007-001-009-20260916-051059.gz
2026-09-16,carrefour,9,7290000176413,120320,קפה,food,קפה נמס עלית 50 גרם,עלית נמס 50 גר',שטראוס קפה בי.וי,50.0,100 גרם,גרם,0,11.9,23.8,,,,,11.9,,1,PriceFull7290055700007-001-009-20260916-051007.gz,PromoFull7290055700007-001-009-20260916-051059.gz
2026-09-16,carrefour,9,7290119384044,120320,קפה,food,קפה נמס עלית צ'יקו 1,קפה נמס עלית צ'יקו 1,לרו,100.0,100 גרם,גרם,0,16.9,16.9,,,,,16.9,,1,PriceFull7290055700007-001-009-20260916-051007.gz,PromoFull7290055700007-001-009-20260916-051059.gz
2026-09-16,carrefour,9,7290003029792,120330,קקאו,food,שוקו בשקית8*225מ יטבתה,יטבתה מהדרין שוקו שק,מחלבת יטבתה,1.8,קילוגרם,קילוגרם,0,21.7,12.06,,,,,21.7,,1,PriceFull7290055700007-001-009-20260916-051007.gz,PromoFull7290055700007-001-009-20260916-051059.gz
2026-09-16,carrefour,9,7290102398560,120330,קקאו,food,"שוקו ללת""ס בקבוק1ל טרה",שוקו טרה מועשר בבקבו,",",1.0,קילוגרם,קילוגרם,0,13.3,13.3,,,,,13.3,,1,PriceFull7290055700007-001-009-20260916-051007.gz,PromoFull7290055700007-001-009-20260916-051059.gz
2026-09-16,carrefour,9,7290010116980,120330,קקאו,food,שוקולית בשקית850ג עלית,שוקולית 850 גרם,שטראוס קפה בי.וי.,850.0,100 גרם,גרם,0,19.9,2.34,,,,,19.9,,1,PriceFull7290055700007-001-009-20260916-051007.gz,PromoFull7290055700007-001-009-20260916-051059.gz
2026-09-16,carrefour,9,7290000136158,120350,משקאות קלים,food,פפסי מקס 1.5 ליטר.,פפסי מקס 1.5 ליטר.,"טמפו משקאות בע""מ",1.5,קילוגרם,קילוגרם,0,7.3,4.87,,,,,7.3,,1,PriceFull7290055700007-001-009-20260916-051007.gz,PromoFull7290055700007-001-009-20260916-051059.gz
2026-09-16,carrefour,9,7290013585394,120350,משקאות קלים,food,קוקה קולה 1ליטר בודד,קוקה קולה 1 ליטר.,",",1.0,קילוגרם,קילוגרם,0,6.9,6.9,,,,,6.9,,1,PriceFull7290055700007-001-009-20260916-051007.gz,PromoFull7290055700007-001-009-20260916-051059.gz
2026-09-16,carrefour,9,7290110115364,120350,משקאות קלים,food,קוקה קולה 6*1.5 ליטר,קוקה קולה 6*1.5 ליטר,",",9.0,קילוגרם,קילוגרם,0,45.9,5.1,,,,,45.9,,1,PriceFull7290055700007-001-009-20260916-051007.gz,PromoFull7290055700007-001-009-20260916-051059.gz
2026-09-16,carrefour,9,7290001594575,120360,משקאות אלכוהולים,food,"בירה טובורג פחית 500 מ""ל",טובורג רד פחית פקדון,",",500.0,100 מיליליטר,מיליליטר,0,10.6,2.12,,,,,10.6,,1,PriceFull7290055700007-001-009-20260916-051007.gz,PromoFull7290055700007-001-009-20260916-051059.gz
2026-09-16,carrefour,9,7290008464475,120360,משקאות אלכוהולים,food,"בירה מכבי פחית 500 מ""ל","מכבי פחית 500מ""ל","טמפו משקאות בע""מ",500.0,100 מיליליטר,מיליליטר,0,7.6,1.52,,,,,7.6,,1,PriceFull7290055700007-001-009-20260916-051007.gz,PromoFull7290055700007-001-009-20260916-051059.gz
2026-09-16,carrefour,9,7290001594568,120360,משקאות אלכוהולים,food,"בירה קרלסברג בפחית500מ""ל",קרלסברג בירה פחית 50,",",500.0,100 מיליליטר,מיליליטר,0,10.6,2.12,,,,,10.6,,1,PriceFull7290055700007-001-009-20260916-051007.gz,PromoFull7290055700007-001-009-20260916-051059.gz
2026-09-16,carrefour,9,7290018249802,120380,סוכר ותחליפיו,food,ממתיק סוויטאנגו 280 גר,סוויטאנגו ממתיק 280,"דרך לחיות בע""מ",280.0,100 גרם,גרם,0,28.2,10.07,,,,,28.2,,1,PriceFull7290055700007-001-009-20260916-051007.gz,PromoFull7290055700007-001-009-20260916-051059.gz
2026-09-16,carrefour,9,7290001990148,120380,סוכר ותחליפיו,food,סוכר גולדן קלאסי צנצנת 1 קג,סוכר גולדן קלאסי בצנ,"סוגת תעשיות בע""מ",1.0,1 קילוגרם,קילוגרם,0,14.1,14.1,,,,,14.1,,1,PriceFull7290055700007-001-009-20260916-051007.gz,PromoFull7290055700007-001-009-20260916-051059.gz
2026-09-16,carrefour,9,7290000504278,120380,סוכר ותחליפיו,food,סוכרזית פטנט 700 טבליות,סוכרזית פטנט 700 טבל,ביסקול בע''מ,574.0,100 גרם,גרם,0,15.1,2.63,,,,,15.1,,1,PriceFull7290055700007-001-009-20260916-051007.gz,PromoFull7290055700007-001-009-20260916-051059.gz
2026-09-16,carrefour,9,7290113190375,120390,"ריבה, דבש וכדומה",food,סילאן טבעי ללא סוכר720גר,סילאן סירופ תמרים טב,סיטוגלו גידה אינסאט,720.0,100 גרם,גרם,0,18.1,2.51,,,,,18.1,,1,PriceFull7290055700007-001-009-20260916-051007.gz,PromoFull7290055700007-001-009-20260916-051059.gz
2026-09-16,carrefour,9,7290113190863,120390,"ריבה, דבש וכדומה",food,סילאן שקדיה 100% טבעי385,סילאן טבעי לחיץ שקדי,דובאי,400.0,100 גרם,גרם,0,15.1,3.77,,,,,15.1,,1,PriceFull7290055700007-001-009-20260916-051007.gz,PromoFull7290055700007-001-009-20260916-051059.gz
2026-09-16,carrefour,9,7290112197597,120390,"ריבה, דבש וכדומה",food,ריבת פירות יער טרו 250 גר,טרו ריבת פירות יער 2,סימה,250.0,100 גרם,גרם,0,15.9,6.36,,,,,15.9,,1,PriceFull7290055700007-001-009-20260916-051007.gz,PromoFull7290055700007-001-009-20260916-051059.gz
2026-09-16,carrefour,9,7290000178103,120400,ממתקים ושוקולד,food,שוקולד חלב פרה 100*4 גרם,פרה שוקולד חלב 4*100,"שטראוס גרופ בע""מ.",400.0,100 גרם,גרם,0,27.9,6.97,,,,,27.9,,1,PriceFull7290055700007-001-009-20260916-051007.gz,PromoFull7290055700007-001-009-20260916-051059.gz
2026-09-16,carrefour,9,7622202265648,120400,ממתקים ושוקולד,food,שוקולד לבן מילקה 90 גרם,מילקה שוקולד לבן 90,",",90.0,100 גרם,גרם,0,9.9,11.0,,,,,9.9,,1,PriceFull7290055700007-001-009-20260916-051007.gz,PromoFull7290055700007-001-009-20260916-051059.gz
2026-09-16,carrefour,9,7290112348548,120400,ממתקים ושוקולד,food,שוקולד פרה לבן 100 גרם,פרה שוקולד לבן 100 ג,"שטראוס גרופ בע""מ.",100.0,100 גרם,גרם,0,8.9,8.9,,,,,8.9,,1,PriceFull7290055700007-001-009-20260916-051007.gz,PromoFull7290055700007-001-009-20260916-051059.gz
2026-09-16,carrefour,9,7290119373925,150315,סלטים מוכנים,food,מטבוחה חריפה אש 250 גרם,אחלה סלט מטבוחה חריפ,"שטראוס גרופ בע""מ",250.0,100 גרם,גרם,0,12.1,4.84,,,,,12.1,,1,PriceFull7290055700007-001-009-20260916-051007.gz,PromoFull7290055700007-001-009-20260916-051059.gz
2026-09-16,carrefour,9,7290107958639,150315,סלטים מוכנים,food,מטבוחה מרוקאית חריפה אחלה 400 גר,אחלה מטבוחה מרוקאית,"שטראוס גרופ בע""מ",400.0,100 גרם,גרם,0,16.1,4.03,,,,,16.1,,1,PriceFull7290055700007-001-009-20260916-051007.gz,PromoFull7290055700007-001-009-20260916-051059.gz
2026-09-16,carrefour,9,7290010931330,150315,סלטים מוכנים,food,סלט מטבוחה אחלה 500,אחלה מטבוחה 500ג,"שטראוס גרופ בע""מ",500.0,100 גרם,גרם,0,14.9,2.98,,,,,14.9,,1,PriceFull7290055700007-001-009-20260916-051007.gz,PromoFull7290055700007-001-009-20260916-051059.gz
2026-09-16,carrefour,9,1615,120042,ירקות טריים,fv,בצל יבש: בצל אדום,בצל אדום,",",1.0,קילוגרם,קילוגרם,1,4.9,4.9,,,,,4.9,,1,PriceFull7290055700007-001-009-20260916-051007.gz,PromoFull7290055700007-001-009-20260916-051059.gz
2026-09-16,carrefour,9,1708,120042,ירקות טריים,fv,גזר: גזר,גזר,",",1.0,קילוגרם,קילוגרם,1,4.9,4.9,,,,,4.9,,1,PriceFull7290055700007-001-009-20260916-051007.gz,PromoFull7290055700007-001-009-20260916-051059.gz
2026-09-16,carrefour,9,1502,120042,ירקות טריים,fv,מלפפונים: מלפפון,מלפפון,",",1.0,קילוגרם,קילוגרם,1,6.9,6.9,,,,,6.9,,1,PriceFull7290055700007-001-009-20260916-051007.gz,PromoFull7290055700007-001-009-20260916-051059.gz
2026-09-16,carrefour,9,1516,120042,ירקות טריים,fv,פלפל: פלפל אדום,פלפל אדום,כללי,1.0,קילוגרם,קילוגרם,1,9.9,9.9,,,,,9.9,,1,PriceFull7290055700007-001-009-20260916-051007.gz,PromoFull7290055700007-001-009-20260916-051059.gz
2026-09-16,carrefour,9,1494,120042,ירקות טריים,fv,"תפוחי אדמה: תפו""א לבן תפזורת","תפו""א לבן תפזורת",",",1.0,קילוגרם,קילוגרם,1,4.9,4.9,,,,,4.9,,1,PriceFull7290055700007-001-009-20260916-051007.gz,PromoFull7290055700007-001-009-20260916-051059.gz
2026-09-16,carrefour,9,1543,120043,פירות טריים,fv,אבטיח: אבטיח,אבטיח,כללי,1.0,קילוגרם,קילוגרם,1,3.9,3.9,,,,,3.9,,1,PriceFull7290055700007-001-009-20260916-051007.gz,PromoFull7290055700007-001-009-20260916-051059.gz
2026-09-16,carrefour,9,7290000078021,120043,פירות טריים,fv,בננות: בננה צ`יפס,בננה צ`יפס,",",1.0,קילוגרם,קילוגרם,1,49.0,49.0,,,,,49.0,,1,PriceFull7290055700007-001-009-20260916-051007.gz,PromoFull7290055700007-001-009-20260916-051059.gz
2026-09-16,carrefour,9,1518,120043,פירות טריים,fv,מלון: מלון,מלון,כללי,1.0,קילוגרם,קילוגרם,1,6.9,6.9,,,,,6.9,,1,PriceFull7290055700007-001-009-20260916-051007.gz,PromoFull7290055700007-001-009-20260916-051059.gz
2026-09-16,carrefour,9,1552,120043,פירות טריים,fv,תפוזים: תפוז,תפוז,כללי,1.0,קילוגרם,קילוגרם,1,7.9,7.9,,,,,7.9,,1,PriceFull7290055700007-001-009-20260916-051007.gz,PromoFull7290055700007-001-009-20260916-051059.gz
2026-09-16,carrefour,9,1645,120043,פירות טריים,fv,תפוחים: תפוח עץ גלה,תפוח עץ גלה,",",1.0,קילוגרם,קילוגרם,1,12.9,12.9,,,,,12.9,,1,PriceFull7290055700007-001-009-20260916-051007.gz,PromoFull7290055700007-001-009-20260916-051059.gz
